Patch;Square;Plant;PlantFinnish;Monocot;Dicot;Coverage;Herbivory %;Virotic
861;1;Plantago lanceolata;heinäratamo;0;1;2;100;100
861;1;Vicia hirsuta;peltovirvilä;0;1;2;0;0
861;1;Trifolium arvense;jänönapila;0;1;0,5;0;0
861;1;Saxifraga granulata;papelorikko;0;1;0,5;0;0
861;1;Hylotelephium telephium;isomaksaruoho;0;1;2;10;0
861;1;Geranium molle;pehmytkurjenpolvi;0;1;0,2;0;0
861;1;Potentilla argentea;hopeahanhikki;0;1;0,2;0;0
861;1;Dactylis glomerata;koiranheinä;1;0;35;0;0
861;1;Agrostis sp;rölli sp;1;0;2;0;0
861;1;Viola arvensis;pelto-orvokki;0;1;0,5;50;0
861;1;Drapa muralis;vallikynsimö;0;1;1;0;0
861;1;Bromus hordeacus;mäkikattara;1;0;0,5;0;0
861;1;Veronica arvensis;ketotädyke;0;1;0,5;0;0
861;1;Myosotis ramosissima;mäkilemmikki;0;1;0,5;0;0
861;1;Helictotrichon pubescens;mäkikaura;1;0;15;0;0
861;1;Festuca ovina;lampaannata;1;0;1;0;0
861;1;Anthriscus sylvestris;koiranputki;0;1;1;0;0
861;1;Alopecurus geniculatus;polvipuntarpää;1;0;0,5;0;0
861;1;Galium verum;keltamatara;0;1;0,5;0;0
861;1;bryophytes;sammalet;0;0;20;0;0
861;1;lichens;jäkälät;0;0;0;0;0
861;2;Rumex acetosella;ahosuolaheinä;0;1;3;40;0
861;2;Spergula morisonii;kalliohatikka;0;1;1,5;0;0
861;2;Deschampsia flexuosa;metsälauha;1;0;10;0;0
861;2;Agrostis capillaris;nurmirölli;1;0;2;0;0
861;2;lichens;jäkälät;0;0;90;0;0
861;3;Potentilla argentea;hopeahanhikki;0;1;3;0;0
861;3;Galium verum;keltamatara;0;1;2;0;0
861;3;Plantago lanceolata;heinäratamo;0;1;3;100;30
861;3;Poa compressa;litteänurmikka;1;0;20;0;0
861;3;Agrostis sp;rölli sp;1;0;25;0;0
861;3;Viola arvensis;pelto-orvokki;0;1;0,5;0;0
861;3;Veronica arvensis;ketotädyke;0;1;0,2;0;0
861;3;Myosotis ramosissima;mäkilemmikki;0;1;0,5;0;0
861;3;Geranium molle;pehmytkurjenpolvi;0;1;0,5;0;0
861;3;Vicia hirsuta;peltovirvilä;0;1;0,1;0;0
861;3;Hylotelephium telephium;isomaksaruoho;0;1;1;100;0
861;3;Galium album;paimenmatara;0;1;1;0;100
861;3;Pilosella cymosa;viuhkokeltano;0;1;1,5;0;0
861;3;Acer platanoides;metsävaahtera;0;1;0,2;0;0
861;3;bryophytes;sammalet;0;0;25;0;0
861;3;lichens;jäkälät;0;0;0;0;0
861;4;Festuca ovina;lampaannata;1;0;20;0;0
861;4;Plantago lanceolata;heinäratamo;0;1;1,5;100;0
861;4;Hylotelephium telephium;isomaksaruoho;0;1;2;30;0
861;4;Agrostis sp;rölli sp;1;0;2;0;0
861;4;Sedum album;valkomaksaruoho;0;1;10;0;0
861;4;Rumex longifolius;hevonhierakka;0;1;2;100;100
861;4;Bromus hordeacus;mäkikattara;1;0;1,5;0;0
861;4;Rumex acetosella;ahosuolaheinä;0;1;1;0;0
861;4;Rumex acetosa;niittysuolaheinä;0;1;0,1;0;0
861;4;Vicia tetrasperma;mäkivirvilä;0;1;0,5;0;0
861;4;Geranium molle;pehmytkurjenpolvi;0;1;0,1;0;0
861;4;Galium verum;keltamatara;0;1;0,5;0;0
861;4;Viola arvensis;pelto-orvokki;0;1;0,5;0;0
861;4;Agrostis capillaris;nurmirölli;1;0;2;0;0
861;4;Anthriscus sylvestris;koiranputki;0;1;2;0;0
861;4;Dactylis glomerata;koiranheinä;1;0;1,5;0;0
861;4;bryophytes;sammalet;0;0;10;0;0
861;4;lichens;jäkälät;0;0;15;0;0
861;5;Plantago lanceolata;heinäratamo;0;1;1;100;100
861;5;Viola arvensis;pelto-orvokki;0;1;2,5;0;0
861;5;Dactylis glomerata;koiranheinä;1;0;7;0;0
861;5;Agrostis capillaris;nurmirölli;1;0;30;0;0
861;5;Galium verum;keltamatara;0;1;1,5;0;0
861;5;Hylotelephium telephium;isomaksaruoho;0;1;1;75;0
861;5;Senecio sylvaticus;kalliovillakko;0;1;0,1;0;0
861;5;bryophytes;sammalet;0;0;1;0;0
861;5;lichens;jäkälät;0;0;1;0;0
187;1;Arenaria serpyllifolia;mäkiarho;0;1;0,5;0;0
187;1;Galium verum;keltamatara;0;1;3;0;0
187;1;Pilosella officinarum;huopakeltano;0;1;6;30;100
187;1;Plantago lanceolata;heinäratamo;0;1;2;100;30
187;1;Achillea millefolium;siankärsämö;0;1;2;0;0
187;1;Trifolium arvense;jänönapila;0;1;0,5;0;0
187;1;Dactylis glomerata;koiranheinä;1;0;3;0;0
187;1;Ranunculus bulbosus;mäkileinikki;0;1;0,1;0;0
187;1;Vicia hirsuta;peltovirvilä;0;1;0,1;0;0
187;1;Scleranthus annuus;viherjäsenruoho;0;1;0,1;0;0
187;1;Poa compressa;litteänurmikka;1;0;2;0;0
187;1;Rumex acetosa;niittysuolaheinä;0;1;0,1;0;0
187;1;Bromus hordeacus;mäkikattara;1;0;0,1;0;0
187;1;lichens;jäkälät;0;0;0;0;0
187;1;bryophytes;sammalet;0;0;40;0;0
187;2;Dianthus deltoides;ketoneilikka;0;1;20;0;0
187;2;Silene viscaria;mäkitervakko;0;1;20;0;10
187;2;Centaurea jacea;ahdekaunokki;0;1;0,5;100;0
187;2;Vicia hirsuta;peltovirvilä;0;1;2;0;0
187;2;Rosa dumalis;koiranruusu;0;1;1,5;0;50
187;2;Arabis glabra;pölkkyruoho;0;1;0,5;0;0
187;2;Potentilla argentea;hopeahanhikki;0;1;1;0;0
187;2;Trifolium arvense;jänönapila;0;1;0,2;0;0
187;2;Dactylis glomerata;koiranheinä;1;0;2;0;0
187;2;Galium verum;keltamatara;0;1;1;0;0
187;2;Achillea millefolium;siankärsämö;0;1;0,5;0;0
187;2;Pilosella officinarum;huopakeltano;0;1;2;0;100
187;2;Ranunculus bulbosus;mäkileinikki;0;1;2;0;0
187;2;Poa compressa;litteänurmikka;1;0;1;0;0
187;2;Allium vineale;hietalaukka;1;0;0,5;0;0
187;2;Agrostis sp;rölli sp;1;0;2;0;0
187;2;Hieracium umbellata;sarjakeltano;0;1;0,5;0;0
187;2;bryophytes;sammalet;0;0;0;0;0
187;2;lichens;jäkälät;0;0;0;0;0
187;3;Plantago lanceolata;heinäratamo;0;1;3;100;0
187;3;Potentilla argentea;hopeahanhikki;0;1;2;0;0
187;3;Galium verum;keltamatara;0;1;15;0;0
187;3;Achillea millefolium;siankärsämö;0;1;3;0;0
187;3;Silene viscaria;mäkitervakko;0;1;6;0;0
187;3;Pilosella officinarum;huopakeltano;0;1;2;0;0
187;3;Trifolium repens;valkoapila;0;1;0,2;0;0
187;3;Dactylis glomerata;koiranheinä;1;0;0,5;0;0
187;3;Rosa dumalis;koiranruusu;0;1;0,5;0;0
187;3;Arabis glabra;pölkkyruoho;0;1;0,2;0;0
187;3;Taraxacum sp;voikukka sp;0;1;0,1;0;0
187;3;Trifolium arvense;jänönapila;0;1;0,5;0;0
187;3;Vicia hirsuta;peltovirvilä;0;1;5;0;0
187;3;Bromus hordeacus;mäkikattara;1;0;0,1;0;0
187;3;Phleum pratense;timotei;1;0;0,1;0;0
187;3;Poa pratensis;niittynurmikka;1;0;1;0;0
187;3;Agrostis sp;rölli sp;1;0;10;0;0
187;3;Poa compressa;litteänurmikka;1;0;0,1;0;0
187;3;bryophytes;sammalet;0;0;0;0;0
187;3;lichens;jäkälät;0;0;0;0;0
187;4;Trifolium arvense;jänönapila;0;1;7;0;0
187;4;Plantago lanceolata;heinäratamo;0;1;20;60;70
187;4;Tripleurospermum maritimum;peltosaunio;0;1;0,5;0;0
187;4;Arenaria serpyllifolia;mäkiarho;0;1;1,5;0;0
187;4;Trifolium pratense;puna-apila;0;1;2;100;0
187;4;Scleranthus annuus;viherjäsenruoho;0;1;0,5;0;0
187;4;Elymus repens;juolavehnä;1;0;0,1;0;0
187;4;Agrostis sp;rölli sp;1;0;0,5;0;0
187;4;Cerastium semidecandrum;mäkihärkki;0;1;0,1;0;0
187;4;Cerastium sp;härkki sp;0;1;0,1;0;0
187;4;bryophytes;sammalet;0;0;0;0;0
187;4;lichens;jäkälät;0;0;0;0;0
853;1;Plantago lanceolata;heinäratamo;0;1;5;90;0
853;1;Silene  viscaria;mäkitervakko;0;1;3;30;0
853;1;Polygonatum odoratum;kalliokielo;1;0;1;100;0
853;1;Sedum album;valkomaksaruoho;0;1;3;0;0
853;1;Sedum acre;keltamaksaruoho;0;1;0,2;0;0
853;1;Trifolium arvense;jänönapila;0;1;2;1;0
853;1;Potentilla argentea;hopeahanhikki;0;1;1;0;0
853;1;Hylotelephium telephium;isomaksaruoho;0;1;1;30;0
853;1;Allium schoenoprasum;ruoholaukka;1;0;0,1;0;0
853;1;Galium verum;keltamatara;0;1;0,1;0;0
853;1;Asplenium septentrionale;liuskaraunioinen;0;0;0,1;0;0
853;1;Bromus hordeacus;mäkikattara;1;0;0,2;0;0
853;1;Myosotis ramosissima;mäkilemmikki;0;1;0,1;0;0
853;1;Geranium molle;pehmytkurjenpolvi;0;1;0,1;0;0
853;1;Vicia hirsuta;peltovirvilä;0;1;0,1;0;0
853;1;Poa compressa;litteänurmikka;1;0;20;0;0
853;1;Pilosella cymosa;viuhkokeltano;0;1;0,5;100;0
853;1;bryophytes;sammalet;0;0;90;0;0
853;1;lichens;jäkälät;0;0;5;0;0
853;2;Allium schoenoprasum;ruoholaukka;1;0;4;0;0
853;2;Plantago lanceolata;heinäratamo;0;1;2;100;50
853;2;Silene viscaria;mäkitervakko;0;1;7;0;0
853;2;Dactylis glomerata;koiranheinä;1;0;0,5;0;0
853;2;Hylotelephium telephium;isomaksaruoho;0;1;1;0;0
853;2;Asplenium septentrionale;liuskaraunioinen;0;0;1;0;0
853;2;Pilosella cymosa;viuhkokeltano;0;1;0,5;100;0
853;2;Trifolium arvense;jänönapila;0;1;0,1;0;0
853;2;Vicia hirsuta;peltovirvilä;0;1;0,5;0;0
853;2;Sedum album;valkomaksaruoho;0;1;1;0;0
853;2;Saxifraga granulata;papelorikko;0;1;0,5;0;0
853;2;Avenula pubescens;mäkikaura;1;0;1;0;0
853;2;Galium verum;keltamatara;0;1;0,1;0;0
853;2;Geranium molle;pehmytkurjenpolvi;0;1;0,1;0;0
853;2;Festuca ovina;lampaannata;1;0;1;0;0
853;2;Deschampsia flexuosa;metsälauha;1;0;2;0;0
853;2;Potentilla argentea;hopeahanhikki;0;1;0,1;0;0
853;2;bryophytes;sammalet;0;0;25;0;0
853;2;lichens;jäkälät;0;0;75;0;0
853;3;Plantago lanceolata;heinäratamo;0;1;2;100;0
853;3;Ranunculus bulbosus;mäkileinikki;0;1;4;0;30
853;3;Allium schoenoprasum;ruoholaukka;1;0;1;0;0
853;3;Silene viscaria;mäkitervakko;0;1;1;0;0
853;3;Anthoxanthum odoratum;eteläntuoksusimake;1;0;1;0;0
853;3;Viola arvensis;pelto-orvokki;0;1;0,1;0;0
853;3;Hylotelephium telephium;isomaksaruoho;0;1;0,5;0;0
853;3;Pilosella cymosa;viuhkokeltano;0;1;1;100;100
853;3;Rumex acetosella;ahosuolaheinä;0;1;0,3;0;0
853;3;Agrostis sp;rölli sp;1;0;2;0;0
853;3;bryophytes;sammalet;0;0;20;0;0
853;3;lichens;jäkälät;0;0;80;0;0
8560;1;Geranium sanguineum;verikurjenpolvi;0;1;20;0;0
8560;1;Avenula pubescens;mäkikaura;1;0;1,5;0;0
8560;1;Filipendula vulgaris;sikoangervo;0;1;10;100;100
8560;1;Plantago lanceolata;heinäratamo;0;1;1,5;100;50
8560;1;Hylotelephium telephium;isomaksaruoho;0;1;0,5;30;0
8560;1;Galium verum;keltamatara;0;1;1,5;0;0
8560;1;Ranunculus bulbosus;mäkileinikki;0;1;1;0;0
8560;1;Pilosella officinarum;huopakeltano;0;1;1;50;0
8560;1;Fragaria vesca;ahomansikka;0;1;0,2;0;0
8560;1;Achillea millefolium;siankärsämö;0;1;1;0;0
8560;1;Alopecurus pratensis ;nurmipuntarpää;1;0;0,5;0;0
8560;1;Veronica chamaedrys;nurmitädyke;0;1;0,2;0;0
8560;1;Rumex acetosa;niittysuolaheinä;0;1;0,2;100;0
8560;1;Trifolium medium;metsäapila;0;1;2;60;0
8560;1;Festuca ovina;lampaannata;1;0;4;0;0
8560;1;bryophytes;sammalet;0;0;4;0;0
8560;1;lichens;jäkälät;0;0;0;0;0
8560;2;Plantago lanceolata;heinäratamo;0;1;6;50;0
8560;2;Hypericum maculatum;särmäkuisma;0;1;1,5;60;0
8560;2;Rumex acetosa;niittysuolaheinä;0;1;4;100;0
8560;2;Geranium sanguineum;verikurjenpolvi;0;1;1;0;0
8560;2;Galium verum;keltamatara;0;1;1,5;0;0
8560;2;Trifolium pratense;puna-apila;0;1;20;100;50
8560;2;Anthiriscus sylvestris;koiranputki;0;1;1;0;0
8560;2;Achillea millefolium;siankärsämö;0;1;1,5;0;0
8560;2;Potentilla reptans;suikerohanhikki;0;1;1,5;0;0
8560;2;Dactylis glomerata;koiranheinä;1;0;3;0;0
8560;2;Avenula pubescens;mäkikaura;1;0;1,5;0;0
8560;2;Potentilla argentea;hopeahanhikki;0;1;1,5;0;0
8560;2;Taraxacum sp;voikukka sp;0;1;0,2;0;0
8560;2;Agrostis sp;rölli sp;1;0;10;0;0
8560;2;Festuca rubra;punanata;1;0;0,5;0;0
8560;2;Stellaria graminea;heinätähtimö;0;1;0,5;0;0
8560;2;bryophytes;sammalet;0;0;0;0;0
8560;2;lichens;jäkälät;0;0;0;0;0
8560;3;Avenula pubescens;mäkikaura;1;0;3;0;0
8560;3;Hylotelephium telephium;isomaksaruoho;0;1;2;100;0
8560;3;Sedum album;valkomaksaruoho;0;1;3;0;0
8560;3;Dactylis glomerata;koiranheinä;1;0;4;0;0
8560;3;Galium verum;keltamatara;0;1;1;0;0
8560;3;Plantago lanceolata;heinäratamo;0;1;0,5;100;0
8560;3;Potentilla argentea;hopeahanhikki;0;1;0,5;0;0
8560;3;Rumex acetosa;niittysuolaheinä;0;1;0,2;100;0
8560;3;Festuca rubra;punanata;1;0;1;0;0
8560;3;Arabidopsis thaliana;lituruoho;0;1;0,5;0;0
8560;3;bryophytes;sammalet;0;0;40;0;0
8560;3;lichens;jäkälät;0;0;0;0;0
946;1;Plantago lanceolata;heinäratamo;0;1;8;75;0
946;1;Anthoxanthum odoratum;eteläntuoksusimake;1;0;2;0;0
946;1;Viola riviana;metsäorvokki;0;1;11;90;0
946;1;Veronica chamaedrys;nurmitädyke;0;1;1;0;0
946;1;Galium boreale;ahomatara;0;1;6;0;0
946;1;Rumex acetosa;niittysuolaheinä;0;1;1;100;0
946;1;Achillea millefolium;siankärsämö;0;1;2;0;0
946;1;Agrostis sp;rölli sp;1;0;2;0;0
946;1;Trifolium pratense;puna-apila;0;1;0,5;100;0
946;1;Galium verum;keltamatara;0;1;4;30;0
946;1;Ranunculus acris;niittyleinikki;0;1;0,5;0;0
946;1;Pilosella officinarum;huopakeltano;0;1;1;0;0
946;1;Rosa canina;koiranruusu;0;1;0,5;0;0
946;1;Festuca ovina;lampaannata;1;0;2,5;0;0
946;1;Ranunculus bulbosus;mäkileinikki;0;1;0,5;0;0
946;1;Luzula multifolia;nurmipiippo;1;0;0,5;0;0
946;1;Hieracium tridentata;tankikeltano;0;1;1;100;100
946;1;bryophytes;sammalet;0;0;90;0;0
946;1;lichens;jäkälät;0;0;0;0;0
946;2;Festuca pratensis;nurminata;1;0;0,5;0;0
946;2;Fragaria vesca;ahomansikka;0;1;20;0;0
946;2;Avenula pubescens;mäkikaura;1;0;1;0;0
946;2;Rumex acetosa;niittysuolaheinä;0;1;1;0;100
946;2;Galium verum;keltamatara;0;1;10;0;1
946;2;Anthoxanthum odoratum;eteläntuoksusimake;1;0;1;0;0
946;2;Angelica sylvestris;karhunputki;0;1;1;0;100
946;2;Vicia cracca;hiirenvirna;0;1;0,5;0;0
946;2;Anthriscus sylvestris;koiranputki;0;1;1,5;0;50
946;2;Achillea millefolium;siankärsämö;0;1;0,5;0;0
946;2;Veronica chamaedrys;nurmitädyke;0;1;1;0;0
946;2;Geranium sylvaticum;metsäkurjenpolvi;0;1;3;50;0
946;2;Rubus saxatilis;lillukka;0;1;0,5;0;0
946;2;Melampyrum sylvaticum;metsämaitikka;0;1;0,5;50;0
946;2;Plantago lanceolata;heinäratamo;0;1;1;100;0
946;2;Viola riviana;metsäorvokki;0;1;1,5;50;0
946;2;Luzula pilosa;kevätpiippo;1;0;1;0;0
946;2;Agrostis sp;rölli sp;1;0;1;0;0
946;2;Ranunculus bulbosus;mäkileinikki;0;1;0,5;0;0
946;2;Ranunculus acris;niittyleinikki;0;1;0,5;0;0
946;2;Hieracium sp;ukonkeltano sp;0;1;0,5;0;0
946;2;Phleum pratense;timotei;1;0;1;0;0
946;2;Deschampsia flexuosa;metsälauha;1;0;1;0;0
946;2;Hieracium tridentata;tankikeltano;0;1;0,5;100;0
946;2;bryophytes;sammalet;0;0;60;0;0
946;2;lichens;jäkälät;0;0;0;0;0
946;3;Achillea millefolium;siankärsämö;0;1;3;0;0
946;3;Trifolium repens;valkoapila;0;1;1;100;0
946;3;Taraxacum sp;voikukka sp;0;1;2;100;0
946;3;Plantago lanceolata;heinäratamo;0;1;1;100;0
946;3;Luzula pilosa;kevätpiippo;1;0;4;0;40
946;3;Maianthemum bifolium;oravanmarja;1;0;7;80;0
946;3;Equisetum arvense;peltokorte;0;0;1;0;0
946;3;Trientalis europaea;metsätähti;0;1;1,5;100;0
946;3;Veronica chamaedrys;nurmitädyke;0;1;1,5;0;0
946;3;Poa pratensis;niittynurmikka;1;0;0,5;0;0
946;3;Anthoxanthum odoratum;eteläntuoksusimake;1;0;1;0;0
946;3;Rubus idaeus;vadelma;0;1;4;30;0
946;3;Vicia cracca;hiirenvirna;0;1;0,5;0;0
946;3;Equisetum fluviatile;järvikorte;0;0;2;0;0
946;3;Pteridium aquilinium;sananjalka;0;0;1;0;0
946;3;Lathyrus pratensis;niittynätkelmä;0;1;0,5;0;0
946;3;Betula pubescens;hieskoivu;0;1;0,1;100;0
946;3;Epilobium sp;horsma sp;0;1;0,1;0;0
946;3;Juncus conglomeratus;keräpäävihvilä;1;0;10;0;0
946;3;Carex pallescens;kalvassara;1;0;1;0;0
946;3;Filipendula ulmaria;mesiangervo;0;1;0,5;0;0
946;3;Ranunculus acris;niittyleinikki;0;1;0,5;0;0
946;3;bryophytes ;sammalet;0;0;40;0;0
946;3;lichens;jäkälät;0;0;0;0;0
946;4;Plantago lanceolata;heinäratamo;0;1;9;100;30
946;4;Veronica chamaedrys;nurmitädyke;0;1;2;0;10
946;4;Rumex acetosella;niittysuolaheinä;0;1;1;100;0
946;4;Saxifraga granulata;papelorikko;0;1;0,5;0;0
946;4;Trifolium repens;valkoapila;0;1;1;100;0
946;4;Trifolium pratens;puna-apila;0;1;4;100;30
946;4;Vicia cracca;hiirenvirna;0;1;0,5;100;0
946;4;Achillea millefolium;siankärsämö;0;1;1;0;0
946;4;Anthriscus sylvestris;koiranputki;0;1;1;0;0
946;4;Alchemilla sp;poimulehti sp;0;1;0,5;100;100
946;4;Anthoxanthum odoratum;eteläntuoksusimake;1;0;1;0;0
946;4;Taraxacum sp;voikukka sp;0;1;1;0;0
946;4;Lathyrus pratensis;niittynätkelmä;0;1;2;50;0
946;4;Ranunculus acris;niittyleinikki;0;1;1;0;0
946;4;Veronica officinalis;rohtotädyke;0;1;2;0;0
946;4;Plantago major;piharatamo;0;1;1;0;0
946;4;Ranunculus bulbosus;mäkileinikki;0;1;0,5;0;0
946;4;Agrostis sp;rölli sp;1;0;1;0;0
946;4;Phleum pratense;timotei;1;0;1;0;0
946;4;Festuca rubra;punanata;1;0;0,5;0;0
946;4;Poa pratensis;niittynurmikka;1;0;0,1;0;0
946;4;bryophytes;sammalet;0;0;90;0;0
946;4;lichens;jäkälät;0;0;0;0;0
1367;1;Plantago lanceolata;heinäratamo;0;1;5;40;10
1367;1;Trifolium pratense;puna-apila;0;1;2;100;0
1367;1;Pinus sylvestris;metsämänty;0;0;0,5;0;0
1367;1;Fragaria vesca;ahomansikka;0;1;15;5;0
1367;1;Betula pendula;rauduskoivu;0;1;1;0;0
1367;1;Viola riviniana;metsäorvokki;0;1;0,5;0;0
1367;1;Trifolium repens;valkoapila;0;1;15;100;0
1367;1;Juniperus communis;kataja;0;0;0,5;0;0
1367;1;Pilosella officinarum;huopakeltano;0;1;0,5;0;0
1367;1;Dactylis glomerata;koiranheinä;1;0;1,5;0;0
1367;1;Poa pratensis;niittynurmikka;1;0;0,1;0;0
1367;1;Deschampsia flexuosa;metsälauha;1;0;3;0;0
1367;1;bryophytes;sammalet;0;0;50;0;0
1367;1;lichens;jäkälät;0;0;0;0;0
1367;2;Helianthemum nummularium;kultapäivännouto;0;1;15;1;0
1367;2;Plantago lanceolata;heinäratamo;0;1;20;20;10
1367;2;Vaccinium vitis-idae;puolukka;0;1;0,5;0;0
1367;2;Listera ovata;soikkokaksikko;1;0;0,5;0;0
1367;2;Trifolium pratense;puna-apila;0;1;4;100;0
1367;2;Fragaria vesca;ahomansikka;0;1;3;0;0
1367;2;Pilosella officinarum;huopakeltano;0;1;1,5;0;0
1367;2;Agrostis sp;rölli sp;1;0;2;0;0
1367;2;Melica nutans;nuokkuhelmikkä;1;0;0,5;0;0
1367;2;Festuca ovina;lampaannata;1;0;2;0;0
1367;2;Viola riviniana;metsäorvokki;0;1;0,1;0;0
1367;2;Taraxacum sp;voikukka sp;0;1;0,1;0;0
1367;2;Juncus sp;vihvilä sp;1;0;1;0;0
1367;2;Linum catharticum;ahopellava;0;1;0,5;0;0
1367;2;Carex sp;sara sp;1;0;5;0;0
1367;2;Luzula pilosa;kevätpiippo;1;0;0,5;0;0
1367;2;bryophytes ;sammalet;0;0;25;0;0
1367;2;lichens;jäkälät;0;0;0;0;0
1367;3;Plantago lanceolata;heinäratamo;0;1;1;100;50
1367;3;Fragaria vesca;ahomansikka;0;1;2;30;0
1367;3;Galium verum;keltamatara;0;1;4;0;0
1367;3;Ranunculus bulbosus;mäkileinikki;0;1;1;0;40
1367;3;Veronica officinalis;rohtotädyke;0;1;1;100;0
1367;3;Heliantheum nummularium;kultapäivännouto;0;1;0,5;30;0
1367;3;Myosotis arvensis;peltolemmikki;0;1;0,1;0;0
1367;3;Trifolium repens;valkoapila;0;1;0,5;0;0
1367;3;Taraxacum sp;voikukka sp;0;1;0,2;0;0
1367;3;Festuca ovina;lampaannata;1;0;2;0;0
1367;3;Geranium robertianum;haisukurjenpolvi;0;1;0,1;0;0
1367;3;Rosa canina;koiranruusu;0;1;0,2;0;0
1367;3;Poa sp;nurmikka sp;1;0;1;0;0
1367;3;Arenaria serpyllifolia;mäkiarho;0;1;0,1;0;0
1367;3;bryophytes;sammalet;0;0;35;0;0
1367;3;lichens ;jäkälät;0;0;0;0;0
1367;3;Agrostis sp;rölli sp;1;0;2;0;0
9646;1;Plantago lanceolata;heinäratamo;0;1;5;90;20
9646;1;Potentilla argentea;hopeahanhikki;0;1;4;0;0
9646;1;Sedum album;valkomaksaruoho;0;1;3;0;0
9646;1;Vicia tetrasperma;mäkivirvilä;0;1;0,5;0;0
9646;1;Stellaria graminea;heinätähtimö;0;1;0,5;0,1;0
9646;1;Agrostis sp;rölli sp;1;0;40;0;0
9646;1;Veronica arvensis;ketotädyke;0;1;0,2;0;0
9646;1;Myosotis ramosissima;mäkilemmikki;0;1;0,2;0;0
9646;1;Bromus hordeacus;mäkikattara;1;0;1;0;0
9646;1;Lapsana communis;linnunkaali;0;1;1;100;0
9646;1;Draba muralis;vallikynsimö;0;1;0,2;0;0
9646;1;Sedum acre;keltamaksaruoho;0;1;0,1;0;0
9646;1;Poa compressa;litteänurmikka;1;0;0,1;0;0
9646;1;bryophytes;sammalet;0;0;5;0;0
9646;1;lichens;jäkälät;0;0;0;0;0
9646;2;Veronica arvensis;ketotädyke;0;1;0,2;0;0
9646;2;Potentilla argentea;hopeahanhikki;0;1;0,5;0;0
9646;2;Sedum acre;keltamaksaruoho;0;1;1;0;0
9646;2;Vicia hirsuta;peltovirvilä;0;1;3;90;0
9646;2;Galium verum;keltamatara;0;1;4;0;0
9646;2;Plantago lanceolata;heinäratamo;0;1;4;100;50
9646;2;Achillea millefolium;siankärsämö;0;1;0,2;0;0
9646;2;Myosotis ramosissima;mäkilemmikki;0;1;0,2;0;0
9646;2;Fragaria vesca;ahomansikka;0;1;7;1;1
9646;2;Avenula pubescens;mäkikaura;0;1;2;0;100
9646;2;Taraxacum sp;voikukka sp;0;1;3;100;0
9646;2;Lapsana communis;linnunkaali;0;1;0,5;0;0
9646;2;Dactylis glomerata;koiranheinä;1;0;0,5;0;0
9646;2;Geranium molle;pehmytkurjenpolvi;0;1;0,1;0;0
9646;2;Elymus repens;juolavehnä;1;0;0,5;0;0
9646;2;Saxifraga granulata;papelorikko;0;1;0,1;0;0
9646;2;Festuca rubra;punanata;1;0;2;0;0
9646;2;Arobidopsis thaliana;lituruoho;0;1;0,1;0;0
9646;2;Draba muralis;vallikynsimö;0;1;0,1;0;0
9646;2;bryophytes;sammalet;0;0;35;0;0
9646;2;lichens;jäkälät;0;0;0;0;0
1030;1;Melanpyrum nemorosum;lehtomaitikka;0;1;0,5;0;0
1030;1;Centaurea jacea;ahdekaunokki;0;1;6;90;0
1030;1;Rhinanthus angustifolius;isolaukku;0;1;20;10;10
1030;1;Rumex acetosa;niittysuolaheinä;0;1;1;100;0
1030;1;Plantago lanceolata;heinäratamo;0;1;3;20;0
1030;1;Achillea millefolium;siankärsämö;0;1;3;1;0
1030;1;Galium verum;keltamatara;0;1;1;1;0
1030;1;Viola riviniana;metsäorvokki;0;1;3;100;0
1030;1;Hypericum perforatum;mäkikuisma;0;1;3;100;0
1030;1;Anemone nemorosa;valkovuokko;0;1;1;0;0
1030;1;Fragaria vesca;ahomansikka;0;1;1;100;0
1030;1;Acer platanoides;metsävaahtera;0;1;0,5;0;0
1030;1;Fraxinus excelsior;saarni;0;1;1;50;0
1030;1;Veronica spicata;tähkätädyke;0;1;1;0;0
1030;1;Hylotelephium telephium;isomaksaruoho;0;1;1;50;0
1030;1;Ranunculus repens;rönsyleinikki;0;1;1;0;0
1030;1;Festuca ovina;lampaannata;1;0;1;0;0
1030;1;Festuca pratensis;nurminata;1;0;1,5;0;0
1030;1;bryophytes;sammalet;0;0;0;0;0
1030;1;lichens;jäkälät;0;0;0;0;0
1030;2;Fraxinus excelsior;saarni;0;1;1;0;100
1030;2;Hippophae rhamnoides;tyrni;0;1;1;100;0
1030;2;Achillea millefolium;siankärsämö;0;1;4;0;0
1030;2;Plantago lanceolata;heinäratamo;0;1;2;100;0
1030;2;Taraxacum sp;voikukka sp;0;1;1;100;100
1030;2;Allium schoenoprasum;ruoholaukka;1;0;1;0;0
1030;2;Sedum album;valkomaksaruoho;0;1;1;0;0
1030;2;Veronica spicata;tähkätädyke;0;1;1;100;0
1030;2;Hypericum perforatum;mäkikuisma;0;1;1;100;0
1030;2;Galium verum;keltamatara;0;1;1,5;20;0
1030;2;Hylotelephium telephium;isomaksaruoho;0;1;0,5;0;0
1030;2;Ranunculus bulbosus;mäkileinikki;0;1;0,5;0;0
1030;2;Saxifraga granulata;papelorikko;0;1;0,1;0;0
1030;2;Brixa media;niittyräpelö;1;0;0,1;0;0
1030;2;Festuca ovina;lampaannata;1;0;6;0;0
1030;2;bryophytes;sammalet;0;0;90;0;0
1030;2;lichens;jäkälät;0;0;0;0;0
1030;3;Alchemilla sp;poimulehti sp;0;1;20;10;10
1030;3;Prunella vulgaris;niittyhumala;0;1;0,1;100;0
1030;3;Fragaria vesca;ahomansikka;0;1;20;10;0
1030;3;Brixa media;niittyräpelö;1;0;1;0;0
1030;3;Dactylis glomerata;koiranheinä;1;0;2;0;0
1030;3;Ranunculus bulbosus;mäkileinikki;0;1;2;0;0
1030;3;Plantago lanceolata;heinäratamo;0;1;2;100;0
1030;3;Trifolium medium;metsäapila;0;1;5;100;0
1030;3;Trifolium pratense;puna-apila;0;1;1;100;0
1030;3;Anemone nemorosa;valkovuokko;0;1;0,5;100;0
1030;3;Achillea millefolium;siankärsämö;0;1;0,5;0;0
1030;3;Primula veris;kevätesikko;0;1;1;100;0
1030;3;Alnus glutinosa;tervaleppä;0;1;3;100;0
1030;3;Veronica chamaedrys;nurmitädyke;0;1;0,5;0;0
1030;3;Viola riviniana;metsäorovkki;0;1;1;0;0
1030;3;Hypericum perforatum;mäkikuisma;0;1;1;100;0
1030;3;Galium verum;keltamatara;0;1;0,5;0;0
1030;3;Ranunculus repens;rönsyleinikki;0;1;0,5;0;0
1030;3;Sorbus aucuparia;kotipihlaja;0;1;0,5;0;0
1030;3;Anthoxanthum odoratum;eteläntuoksusimake;1;0;0,5;50;0
1030;3;Plantago major;piharatamo;0;1;0,5;100;0
1030;3;Veronica officinalis;rohtotädyke;0;1;0,5;0;0
1030;3;Agrostis sp;rölli sp;1;0;5;0;0
1030;3;Taraxacum sp;voikukka sp;0;1;1;100;100
1030;3;Hieracium sp 1;ukonkeltano sp 1;0;1;0,5;0;0
1030;3;Hieracium sp 2;ukonkeltano sp 2;0;1;0,5;0;0
1030;3;Festuca rubra ;punanata;1;0;5;0;0
1030;3;Poa pratensis;niittynurmikka;1;0;5;0;0
1030;3;Elytrigia repens;juolavehnä;1;0;1;0;0
1030;3;Arenaria serpyllifolia;mäkiarho;0;1;0,1;0;0
1030;3;Betula pendula;rauduskoivu;0;1;1;100;0
1030;3;Carex nigra;jokapaikansara;1;0;1;0;0
1030;3;bryophytes;sammalet;0;0;2;0;0
1030;3;Hepatica nobilis;sinivuokko;0;1;0,1;0;0
1030;3;Luzula sp;piippo sp ;1;0;0,1;0;0
1030;3;Luzula multiflora;nurmipiippo;1;0;0,5;0;0
1030;3;Agrostis sp;rölli sp;1;0;0,5;0;0
1030;3;lichens;jäkälät;0;0;0;0;0
1030;4;Elytrigia repens;juolavehnä;1;0;2;0;0
1030;4;Potentilla argentea;hopeahanhikki;0;1;0,5;0;0
1030;4;Veronica arvensis;ketotädyke;0;1;0,1;0;0
1030;4;Trifolium repens;valkoapila;0;1;2,5;90;0
1030;4;Medicago lupulina;nurmimailanen;0;1;1;100;0
1030;4;Filipendula vulgaris;sikoangervo;0;1;1;0;0
1030;4;Agrostis sp;rölli sp;1;0;1;0;0
1030;4;Rosa dumalis;orjanruusu;0;1;0,1;0;0
1030;4;Plantago lanceolata;heinäratamo;0;1;3;90;30
1030;4;Cerastium fontanum;nurmihärkki;0;1;1;0;0
1030;4;Festuca ovina;lampaannata;1;0;50;0;0
1030;4;bryophytes;sammalet;0;0;1;0;0
1030;4;Rumex acetosa;niittysuolaheinä;0;1;0,1;100;0
1030;4;Poa annua;kylänurmikka;1;0;0,5;0;0
1030;4;Luzula sp;piippo sp;1;0;NA;NA;NA
1030;4;Plantago major;piharatamo;0;1;0,3;100;0
1030;4;Sagina procumbens;rentohaarikko;0;1;0,1;0;0
1030;4;lichens;jäkälät;0;0;0;0;0
1030;5;Malus sylvestris;metsäomenapuu;0;1;2;100;100
1030;5;Filipendula sylvestris;sikoangervo;0;1;20;1;0
1030;5;Plantago lanceolata;heinäratamo;0;1;3;60;30
1030;5;Pilosella sp;harakankeltano sp;0;1;1;0;0
1030;5;Galium boreale;ahomatara;0;1;2;0;0
1030;5;Fragaria vesca;ahomansikka;0;1;7;0;0
1030;5;Briza media;niittyräpelö;1;0;1;20;0
1030;5;Melampyrum nemorosum;lehtomaitikka;0;1;1;0;0
1030;5;Trifolium medium;metsäapila;0;1;1;30;0
1030;5;Helictotrichon pubescens;mäkikaura;1;0;0,5;0;0
1030;5;Carex nigra;jokapaikansara;1;0;1;0;0
1030;5;Fraxinus excelsior;saarni;0;1;1;0;0
1030;5;Rumex acetosa;niittysuolaheinä;0;1;0,5;0;0
1030;5;Galium verum;keltamatara;0;1;1;0;0
1030;5;Ranunculus sp;leinikki sp;0;1;0,1;0;0
1030;5;Acer platanoides;metsävaahtera;0;1;0,5;100;0
1030;5;Festuca rubra;punanata;1;0;2;0;0
1030;5;Poa pratensis;niittynurmikka;1;0;0,5;0;0
1030;5;Festuca ovina;lampaannata;1;0;1;0;0
1030;5;Agrostis vinealis;jäykkärölli;1;0;0,5;0;0
1030;5;bryophytes;sammalet;0;0;0;0;0
1030;5;lichens;jäkälät;0;0;0;0;0
1030;6;Veronica officinalis;rohtotädyke;0;1;20;0;0
1030;6;Veronica spicata;tähkätädyke;0;1;1;20;0
1030;6;Veronica chamaedrys;nurmitädyke;0;1;1;0;0
1030;6;Plantago lanceolata;heinäratamo;0;1;2;0;0
1030;6;Melampyrum nemorosum;lehtomaitikka;0;1;0,5;0;0
1030;6;Anthoxanthum odoratum;eteläntuoksusimake;1;0;0,5;0;0
1030;6;Geranium sylvaticum;metsäkurjenpolvi;0;1;0,5;0;0
1030;6;Viola riviniana;metsäorovokki;0;1;0,5;0;0
1030;6;Fragaria vesca;ahomansikka;0;1;1,5;0;0
1030;6;Hylotelephium telephium;isomaksaruoho;0;1;0,2;0;0
1030;6;Rumex acetosa;niittysuolaheinä;0;1;0,2;100;0
1030;6;Festuca ovina;lampaannata;1;0;3;0;0
1030;6;Poaceae sp;heinä sp;1;0;1;0;0
1030;6;bryophytes;sammalet;0;0;80;0;0
1030;6;lichens;jäkälät;0;0;0;0;0
1076;1;Prunella vulgaris;niittyhumala;0;1;2;100;0
1076;1;Veronica officinalis;rohtotädyke;0;1;2;0;0
1076;1;Plantago lanceolata;heinäratamo;0;1;3;100;10
1076;1;Taraxacum sp;voikukka sp;0;1;3;0;0
1076;1;Primula veris;kevätesikko;0;1;1;0;0
1076;1;Lotus corniculatus;keltamaite;0;1;2;50;0
1076;1;Plantago major;piharatamo;0;1;0,5;100;0
1076;1;Lathyrus pratensis;niittynätkelmä;0;1;1;0;0
1076;1;Achillea millefolium;siankärsämö;0;1;1,5;0;0
1076;1;Galium verum;keltamatara;0;1;1,5;0;0
1076;1;Rumex acetosella;niittysuolaheinä;0;1;1;100;0
1076;1;Veronica chamaedrys;nurmitädyke;0;1;1,5;50;0
1076;1;Hepatica nobilis;sinivuokko;0;1;0,1;0;0
1076;1;Alchemilla sp;poimulehti sp;0;1;1;100;0
1076;1;Anemone nemorosa;valkovuokko;0;1;0,5;100;0
1076;1;Viola riviniana;metsäorvokki;0;1;0,1;0;0
1076;1;Trifolium medium;metsäapila;0;1;4;100;0
1076;1;Rubus saxitilis;lillukka;0;1;0,3;0;0
1076;1;Ranunculus polyanthemos;aholeinikki;0;1;0,5;0;0
1076;1;Ranunculus acris;niittyleinikki;0;1;0,5;0;0
1076;1;Briza media;niittyräpelö;1;0;0,1;0;0
1076;1;Dactylis glomerata;koiranheinä;1;0;0,5;0;0
1076;1;Melampyrum sylvaticum;metsämaitikka;0;1;0,5;0;0
1076;1;Agrostis sp;rölli sp;1;0;3;0;0
1076;1;Festuca rubra;punanata;1;0;2;0;0
1076;1;Helictotrichon pubescens;mäkikaura;1;0;0,1;0;0
1076;1;Cerastium semidecandrum;mäkihärkki;0;1;0,5;0;0
1076;1;Poa pratensis;niittynurmikka;1;0;1;0;0
1076;1;Phleum pratense;timotei;1;0;0,1;0;0
1076;1;Carex ovalis;jänönsara;1;0;0,1;0;0
1076;1;Agrostis vinealis;jäykkärölli;1;0;0,1;0;0
1076;1;Pilosella sp;harakankeltano;0;1;0,5;0;100
1076;1;Hypericum maculatum;särmäkuisma;0;1;0,1;0;0
1076;1;bryophytes;sammalet;0;0;25;0;0
1076;1;lichens;jäkälät;0;0;0;0;0
1076;2;Listera ovata;soikkokaksikko;1;0;5;20;0
1076;2;Melampyrum sylvaticum;metsämaitikka;0;1;6;0;0
1076;2;Ranunculus acris;niittyleinikki;0;1;1;0;0
1076;2;Agrostis sp;rölli sp;1;0;4;0;0
1076;2;Melica nutans;nuokkuhelmikkä;1;0;0,1;0;0
1076;2;Veronica chamaedrys;nurmitädyke;0;1;1;0;0
1076;2;Anemone nemorosa;valkovuokko;0;1;4;100;0
1076;2;Galium boreale;ahomatara;0;1;1;0;0
1076;2;Hepatica nobilis;sinivuokko;0;1;1;100;0
1076;2;Pteridium aquilinium;sananjalka;0;0;30;0;100
1076;2;Angelica sylvestris;karhunputki;0;1;10;50;0
1076;2;Taraxacum sp;voikukka sp;0;1;0,5;0;0
1076;2;Rumex acetosa;niittysuolaheinä;0;1;0,1;0;0
1076;2;Luzula sp;piippo sp;1;0;1;0;0
1076;2;Vicia cracca;hiirenvirna;0;1;0,1;0;0
1076;2;Trifolium medium ;metsäapila;0;1;1;100;0
1076;2;Poa pratensis;niittynurmikka;1;0;0,1;0;0
1076;2;Lathyrus pratensis;niittynätkelmä;0;1;1;100;0
1076;2;Viola riviniana;metsäorvokki;0;1;0,5;50;0
1076;2;Dactylis glomerata;koiranheinä;1;0;5;0;0
1076;2;Phleum pratense;timotei;1;0;0,1;0;0
1076;2;bryophytes;sammalet;0;0;0;0;0
1076;2;lichens;jäkälät;0;0;0;0;0
1076;3;Trifolium repens;valkoapila;0;1;2;100;0
1076;3;Dactylis glomerata;koiranheinä;1;0;6;0;20
1076;3;Filipendula vulgaris;sikoangervo;0;1;1;0;0
1076;3;Agrostis sp;rölli sp;1;0;2;0;0
1076;3;Ranunculus repens;rönsyleinikki;0;1;0,1;0;0
1076;3;Plantago major;piharatamo;0;1;0,2;0;0
1076;3;Plantago lanceolata;heinäratamo;0;1;2;100;50
1076;3;Rumex acetosa;niittysuolaheinä;0;1;1;100;0
1076;3;Potentilla argentea;hopeahanhikki;0;1;0,5;0;0
1076;3;Achillea millefolium;siankärsämö;0;1;1;0;0
1076;3;Trifolium pratense;puna-apila;0;1;1;100;0
1076;3;Veronica chamaedrys;nurmitädyke;0;1;1;0;0
1076;3;Galium verum;keltamatara;0;1;0,1;0;0
1076;3;Geranium molle;pehmytkurjenpolvi;0;1;5;0;0
1076;3;Helictotrichon pubescens;mäkikaura;1;0;0,5;0;0
1076;3;Vicia tetrasperma;mäkivirvilä;0;1;1;0;0
1076;3;Myosotis arvensis;peltolemmikki;0;1;1;0;0
1076;3;Anthoxanthum odoratum;eteläntuoksusimake;1;0;0,1;0;0
1076;3;Viola arvensis;pelto-orvokki;0;1;1;0;0
1076;3;Veronica arvensis;ketotädyke;0;1;0,1;0;0
1076;3;Hylotelephium telephium;isomaksaruoho;0;1;0,5;0;0
1076;3;Elytrigia repens;juolavehnä;1;0;1,5;0;0
1076;3;Phleum pratense;timotei;1;0;0,5;0;0
1076;3;Festuca rubra;punanata;1;0;4;0;0
1076;3;Poa pratensis;niittynurmikka;1;0;0,5;0;0
1076;3;bryophytes;sammalet;0;0;0;0;0
1076;3;lichens;jäkälät;0;0;0;0;0
1076;4;Anthiriscus sylvestris;koiranputki;0;1;50;0;0
1076;4;Dactylis glomerata;koiranheinä;1;0;3;0;0
1076;4;Plantago lanceolata;heinäratamo;0;1;3;0;0
1076;4;Agrostis sp;rölli sp;1;0;2;0;0
1076;4;Galium verum;keltamatara;0;1;25;0;0
1076;4;Rumex acetosa;niittysuolaheinä;0;1;0,5;0;0
1076;4;Veronica chamaedrys;nurmitädyke;0;1;1;0;0
1076;4;Lathyrus pratensis;niittynätkelmä;0;1;5;100;0
1076;4;Vicia cracca;hiirenvirna;0;1;3;100;0
1076;4;Achillea millefolium;siankärsämö;0;1;3;0;0
1076;4;Carex ovalis;jänönsara;1;0;0,5;0;0
1076;4;Poa pratensis;niittynurmikka;1;0;0,1;0;0
1076;4;Ranunculus polyanthemos;aholeinikki;0;1;0,5;0;0
1076;4;Ranunculus repens;rönsyleinikki;0;1;0,5;0;0
1076;4;Hypericum maculatum;särmäkuisma;0;1;1;0;0
1076;4;Primula veris;kevätesikko;0;1;1;0;0
1076;4;Rosa dumalis;orjanruusu;0;1;1;0;0
1076;4;Phleum pratense;timotei;1;0;1;0;0
1076;4;bryophytes;sammalet;0;0;0;0;0
1076;4;lichens;jäkälät;0;0;0;0;0
1076;5;Phleum pratense;timotei;1;0;10;0;0
1076;5;Achillea millefolium;siankärsämö;0;1;7;0;0
1076;5;Galium verum;keltamatara;0;1;15;0;0
1076;5;Poa pratensis;niittynurmikka;1;0;2;0;0
1076;5;Plantago lanceolata;heinäratamo;0;1;1,5;0;0
1076;5;Festuca rubra;punanata;1;0;0,5;0;0
1076;5;Agrostis sp;rölli sp;1;0;0,5;0;0
1076;5;bryophytes;sammalet;0;0;0;0;0
1076;5;lichens;jäkälät;0;0;0;0;0
2813;1;Galium album;paimenmatara;0;1;2;10;20
2813;1;Plantago lanceolata;heinäratamo;0;1;1;90;80
2813;1;Alnus glutinosa;tervaleppä;0;1;10;5;5
2813;1;Equisetum arvense;peltokorte;0;0;3;0;0
2813;1;Leucanthemum vulgare;päivänkakkara;0;1;0,1;0;0
2813;1;Betula pubescens;hieskoivu;0;1;3;30;30
2813;1;Achillea millefolium;siankärsämö;0;1;1;0;0
2813;1;Tussilago farfara;leskenlehti;0;1;1;0;0
2813;1;Phragmites australis;järviruoko;1;0;1;30;0
2813;1;Trifolium repens;valkoapila;0;1;0,1;0;0
2813;1;Salix sp;paju sp;0;1;2;0;0
2813;1;Taraxacum sp;voikukka sp;0;1;0,1;0;0
2813;1;Pimpinella saxifraga;ahopukinjuuri;0;1;0,5;0;0
2813;1;Aegopodium podagraria;vuohenputki;0;1;0,5;0;0
2813;1;Myosotis arvensis;peltolemmikki;0;1;1;0,1;0
2813;1;Pinus sylvestris;metsämänty;0;0;1;0;0
2813;1;Picea abies;metsäkuusi;0;0;1;0;0
2813;1;Stellaria longifolia;metsätähtimö;0;1;0,1;0;0
2813;1;Angelica sylvestris;karhunputki;0;1;1;0;0
2813;1;Polygala amarella;katkeralinnunruoho;0;1;1,5;0;0
2813;1;Pilosella floribunda;ruotsinkeltano;0;1;2;0;70
2813;1;Cirsium vulgare;piikkiohdake;0;1;1;0;0
2813;1;Cerastium semidecandrum;mäkihärkki;0;1;0,5;50;0
2813;1;Pilosella sp;harakankeltano sp;0;1;1;0;0
2813;1;Festuca ovina;lampaannata;1;0;4;0;0
2813;1;bryophytes;sammalet;0;0;16;0;0
2813;1;lichens;jäkälät;0;0;0;0;0
2813;2;Centaurea jacea;ahdekaunokki;0;1;1;100;0
2813;2;Plantago lanceolata;heinäratamo;0;1;2;100;30
2813;2;Polygala amarella;katkeralinnunruoho;0;1;2;30;0
2813;2;Trifolium medium;metsäapila;0;1;1;100;20
2813;2;Anemone nemorosa;valkovuokko;0;1;0,1;100;0
2813;2;Betula pubescens;hieskoivu;0;1;2;100;0
2813;2;Luzula pilosa;kevätpiippo;1;0;1;0;100
2813;2;Leontodon autumnalis;syysmaitiainen;0;1;1;0;0
2813;2;Lathyrus pratensis;niittynätkelmä;0;1;0,1;0;0
2813;2;Potentilla reptans;suikerohanhikki;0;1;0,5;0;0
2813;2;Listera ovata;soikkokaksikko;1;0;0,1;0;100
2813;2;Pilosella officinarum;huopakeltano;0;1;1;0;80
2813;2;Primula veris;kevätesikko;0;1;0,5;0;100
2813;2;Hieracium sp;ukonkeltano sp;0;1;1;100;0
2813;2;Helictotrichon pubescens;mäkikaura;1;0;0,5;0;0
2813;2;Taraxacum sp;voikukka sp;0;1;0,1;0;0
2813;2;Deschampsia flexuosa;metsälauha;1;0;1;0;0
2813;2;Festuca ovina;lampaannata;1;0;1;0;0
2813;2;bryophytes;sammalet;0;0;0;0;0
2813;2;lichens;jäkälät;0;0;0;0;0
2813;3;Plantago lanceolata;heinäratamo;0;1;1;100;50
2813;3;Potentilla reptans;suikerohanhikki;0;1;1;0;0
2813;3;Trifolium medium;metsäapila;0;1;0,5;100;0
2813;3;Pinus sylvestris;metsämänty;0;0;0,5;0;0
2813;3;Achillea millefolium;siankärsämö;0;1;2;0;0
2813;3;Centaurea jacea;ahdekaunokki;0;1;0,5;100;0
2813;3;Betula pubescens;hieskoivu;0;1;3;100;0
2813;3;Luzula pilosa;kevätpiippo;1;0;1;0;0
2813;3;Agrostis sp;rölli sp;1;0;3;0;0
2813;3;Helictotrichon pubescens;mäkikaura;1;0;1;0;0
2813;3;Anthoxanthum odoratum;eteläntuoksusimake;1;0;1;0;0
2813;3;Fragaria vesca;ahomansikka;0;1;0,5;0;0
2813;3;Pilosella officinarum;huopakeltano;0;1;1;0;50
2813;3;Pimpinella saxifraga;ahopukinjuuri;0;1;0,5;0;0
2813;3;Alchemilla sp;poimulehti sp;0;1;2;0;100
2813;3;Aegopodium podograria;vuohenputki;0;1;0,1;0;0
2813;3;Viola riviniana;metsäorvokki;0;1;0,1;0;0
2813;3;Hieracium sp;ukonkeltano sp;0;1;0,1;0;0
2813;3;Galium album;paimenmatara;0;1;0,5;0;0
2813;3;Geranium sylvaticum;metsäkurjenpolvi;0;1;0,1;0;0
2813;3;Pilosella sp;harakankeltano;0;1;1;0;100
2813;3;bryophytes;sammalet;0;0;6;0;0
2813;3;lichens;jäkälät;0;0;0;0;0
2813;4;Plantago lanceolata;heinäratamo;0;1;1;100;100
2813;4;Potentilla reptans;suikerohanhikki;0;1;15;100;0
2813;4;Betula pubescens;hieskoivu;0;1;1;0;0
2813;4;Pteridium aquilinium;sananjalka;0;0;7;0;0
2813;4;Vicia sepium;aitovirna;0;1;1;100;0
2813;4;Melica nutans;nuokkuhelmikkä;1;0;2;0;0
2813;4;Fragaria vesca;ahomansikka;0;1;5;0;0
2813;4;Achillea millefolium;siankärsämö;0;1;0,5;0;0
2813;4;Anemone nemorosa;valkovuokko;0;1;3;100;0
2813;4;Centaurea jaceae;ahdekaunokki;0;1;1;100;0
2813;4;Equisetum arvense;peltokorte;0;0;0,5;0;0
2813;4;Primula veris;kevätesikko;0;1;2;0;0
2813;4;Lathyrus pratensis;niittynätkelmä;0;1;0,5;100;0
2813;4;Stellaria longifolia;metsätähtimö;0;1;0,1;0;0
2813;4;Geranium sylvaticum;metsäkurjenpolvi;0;1;1;0;0
2813;4;Anthriscus sylvestris;koiranputki;0;1;0,5;0;0
2813;4;Polygala amarella;katkeralinnunruoho;0;1;0,1;0;0
2813;4;Hepatica nobilis;sinivuokko;0;1;0,1;100;0
2813;4;Hypericum maculatum;särmäkuisma;0;1;0,1;100;0
2813;4;Fraxinus excelsior;saarni;0;1;0,1;100;0
2813;4;Deschampsia cespitosa;nurmilauha;1;0;1;0;0
2813;4;Dactylis glomerata;koiranheinä;1;0;2;10;0
2813;4;Deschampsia flexuosa;metsälauha;1;0;1;0;0
2813;4;bryophytes;sammalet;0;0;4;0;0
2813;4;jäkälät;lichens;0;0;0;0;0
1206;1;Plantago lanceolata;heinäratamo;0;1;1;100;80
1206;1;Allium schoenoprasum;ruoholaukka;1;0;0,1;0;0
1206;1;Arenaria serpyllifolia;mäkiarho;0;1;0,2;0;0
1206;1;Taraxacum sp;voikukka sp;0;1;0,2;0;30
1206;1;Sedum album;valkomaksaruoho;0;1;2;0;0
1206;1;Festuca ovina;lampaannata;1;0;4;0;0
1206;1;Dactylis glomerata;koiranheinä;1;0;0,2;0;0
1206;1;Trifolium repens;valkoapila;0;1;0,1;0;0
1206;1;Potentilla argentea;hopeahanhikki;0;1;0,1;0;0
1206;1;bryophytes;sammalet;0;0;1;0;0
1206;1;lichens;jäkälät;0;0;0;0;0
1206;2;Veronica chamaedrys;nurmitädyke;0;1;1;0;0
1206;2;Plantago lanceolata;heinäratamo;0;1;4;90;40
1206;2;Galium verum;keltamatara;0;1;1,5;0;0
1206;2;Filipendula vulgaris;sikoangervo;0;1;3;0;0
1206;2;Pilosella floribunda;ruotsinkeltano;0;1;2;100;100
1206;2;Taraxacum sp;voikukka sp;0;1;0,1;100;0
1206;2;Viola riviniana;metsäorvokki;0;1;0,5;0;0
1206;2;Knautia arvensis;ruusuruoho;0;1;2;50;0
1206;2;Festuca ovina;lampaannata;1;0;2;0;0
1206;2;bryophytes;sammalet;0;0;40;0;0
1206;2;lichens;jäkälät;0;0;0;0;0
1206;3;Anthoxanthum odoratum;eteläntuoksusimake;1;0;3;0;0
1206;3;Veronica officinalis;rohtotädyke;0;1;1,5;0;0
1206;3;Hylotelephium telephium;isomaksaruoho;0;1;1;100;0
1206;3;Taraxacum sp;voikukka sp;0;1;0,1;0;100
1206;3;Allium schoenoprasum;ruoholaukka;1;0;0,5;0;0
1206;3;Plantago lanceolata;heinäratamo;0;1;2,5;100;0,1
1206;3;Potentilla argentea;hopeahanhikki;0;1;0,5;0;0
1206;3;Sedum album;valkomaksaruoho;0;1;0,1;0;0
1206;3;Festuca ovina;lampaannata;1;0;7;0;0
1206;3;Myosotis ramosissima;mäkilemmikki;0;1;0,1;0;0
1206;3;Arabidopsis thaliana;lituroho;0;1;0,1;0;0
1206;3;bryophytes;sammalet;0;0;5;0;0
1206;3;lichens;jäkälät;0;0;0;0;0
1206;4;Sinapis arvensis;rikkasinappi;0;1;1;0;0
1206;4;Pilosella officinarum;huopakeltano;0;1;1;0;100
1206;4;Trifolium medium ;metsäapila;0;1;80;50;40
1206;4;Ranunculus repens;rönsyleinikki;0;1;0,5;0;0
1206;4;Festuca ovina;lampaannata;1;0;2;0;0
1206;4;Taraxacum sp;voikukka sp;0;1;1,5;0;0
1206;4;Fragaria vesca;ahomansikka;0;1;1;100;0
1206;4;bryophytes;sammalet;0;0;6;0;0
1206;4;lichens;jäkälät;0;0;0;0;0
1032;1;Plantago lanceolata;heinäratamo;0;1;1;100;0
1032;1;Taraxacum sp;voikukka sp;0;1;2;50;0
1032;1;Tussilago farfara;leskenlehti;0;1;2;0;0
1032;1;Achillea millefolium ;siankärsämö;0;1;1;0;0
1032;1;Polygala vulgaris;isolinnunruoho;0;1;0,25;0;0
1032;1;Galium boreale;ahomatara;0;1;2;0;0
1032;1;Pteridium aquilinium;sananjalka;0;0;3;0;0
1032;1;Potentilla erecta;rätvänä;0;1;2;0;0
1032;1;Equisetum arvense;peltokorte;0;0;0,5;0;0
1032;1;Viola riviniana;metsäorvokki;0;1;0,5;0;0
1032;1;Ranunculus acris;niittyleinikki;0;1;1;0;0
1032;1;Filipendula vulgaris;sikoangervo;0;1;2;0;0
1032;1;Centaurea jacea;ahdekaunokki;0;1;5;100;0
1032;1;Crepis sp;keltto sp;0;1;0,5;0;0
1032;1;Pilosella officinarum;huopakeltano;0;1;1;0;0
1032;1;Deschampsia flexuosa;metsälauha;1;0;3;0;0
1032;1;Dactylis glomerata;koiranheinä;1;0;1;0;30
1032;1;Rhinanthus minor;pikkulaukku;0;1;1;0;0
1032;2;Plantago lanceolata;heinäratamo;0;1;1;100;0
1032;2;Alchemilla sp;poimulehti sp;0;1;10;80;20
1032;2;Ranunculus acris;niittyleinikki;0;1;1;0;0
1032;2;Pinus sylvestris;metsämänty;0;0;1;0;0
1032;2;Fragaria vesca;ahomansikka;0;1;1;100;0
1032;2;Hepatica nobilis;sinivuokko;0;1;0,5;100;0
1032;2;Veronica chamaedrys;nurmitädyke;0;1;0,5;0;0
1032;2;Achillea millefolium;siankärsämö;0;1;1;0;0
1032;2;Acer platanoides;metsävaahtera;0;1;0,5;0;0
1032;2;Anthiriscus sylvestris;koiranputki;0;1;0,5;0;0
1032;2;Galium boreale;ahomatara;0;1;2;0;0
1032;2;Viola riviniana;metsäorvokki;0;1;1;100;0
1032;2;Filipendula vulgaris;sikoangervo;0;1;0,5;0;0
1032;2;Anemone nemorosa;valkovuokko;0;1;2;100;0
1032;2;Hypericum maculatum;särmäkuisma;0;1;3;0;0
1032;2;Stellaria graminea;heinätähtimö;0;1;0,1;0;0
1032;2;Dactylis glomerata;koiranheinä;1;0;5;0;1
1032;2;Potentilla erecta;rätvänä;0;1;1;0;0
1032;2;Laucanthemum vulgare;päivänkakkara;0;1;0,5;100;0
1032;3;Plantago lanceolata;heinäratamo;0;1;1;100;0
1032;3;Galium boreale;ahomatara;0;1;2;10;0
1032;3;Equisetum arvense;peltokorte;0;0;3;0;0
1032;3;Achillea millefolium;siankärsämö;0;1;1;0;0
1032;3;Anemone nemorosa;valkovuokko;0;1;0,5;0;0
1032;3;Trifolium medium;metsäapila;0;1;18;10;10
1032;3;Alchemilla sp;poimulehti sp;0;1;10;0;0
1032;3;Veronica chamaedrys;nurmitädyke;0;1;1;0;0
1032;3;Ranunculus acris;niittyleinikki;0;1;0,5;100;0
1032;3;Geum rivale;ojakellukka;0;1;1;0;0
1032;3;Hypericum maculatum;särmäkuisma;0;1;0,5;0;0
1032;3;Filipendula vulgaris;sikoangervo;0;1;1;0;0
1032;3;Galium verum;keltamatara;0;1;2;0;0
1032;3;Anthiriscus sylvestris;koiranputki;0;1;1;0;0
1032;3;Trifolium repens;valkoapila;0;1;1;50;10
1032;3;Poa pratensis;niittynurmikka;1;0;1;0;0
1032;3;Pilosella sp;harakankeltano sp;0;1;0,5;0;0
1032;3;Festuca rubra;punanata;1;0;1;0;0
3379;1;Fragaria vesca;ahomansikka;0;1;5;3;23
3379;1;Plantago lanceolata;heinäratamo;0;1;2;100;10
3379;1;Melampyrum pratense;kangasmaitikka;0;1;0,5;100;0
3379;1;Melampyrum sylvaticum;metsämaitikka;0;1;2;100;0
3379;1;Trifolium pratense;puna-apila;0;1;4;100;0
3379;1;Betula pubescens;hieskoivu;0;1;4;0;0
3379;1;Fraxinus excelsior;saarni;0;1;3;0;0
3379;1;Hepatica nobilis;sinivuokko;0;1;2;0;0
3379;1;Polygala vulgaris;isolinnunruoho;0;1;1;0;0
3379;1;Achillea millefolium;siankärsämö;0;1;0,5;0;0
3379;1;Vicia sepium;aitovirna;0;1;1;100;0
3379;1;Galium verum;keltamatara;0;1;0,5;25;0
3379;1;Galium boreale;ahomatara;0;1;1;75;0
3379;1;Helianthemum nummularium;kultapäivännouto;0;1;4;20;0
3379;1;Luzula pilosa;kevätpiippo;1;0;0,5;37;12
3379;1;Geranium sylvaticum;metsäkurjenpolvi;0;1;0,5;100;0
3379;1;Ranunculus acris;niittyleinikki;0;1;0,25;100;0
3379;1;Galium album;paimenmatara;0;1;0,25;100;0
3379;1;Agrostis sp 1;rölli sp 1;1;0;2;0;0
3379;1;Deschampsia flexuosa;metsälauha;1;0;2;0;0
3379;1;Agrostis sp 2;rölli sp 2;1;0;0,1;0;0
3379;1;Carex digita;sormisara;1;0;0,1;0;0
3379;1;Poaceae sp;heinä sp;1;0;1;0;0
3379;1;bryophytes;sammalet;0;0;3;0;0
3379;1;lichens;jäkälät;0;0;0;0;0
3379;2;Plantago lanceolata;heinäratamo;0;1;3;80;0
3379;2;Primula veris;kevätesikko;0;1;5;50;0
3379;2;Equisetum arvense;peltokorte;0;0;3;0;0
3379;2;Fragaria vesca;ahomansikka;0;1;7;50;0
3379;2;Galium boreale;ahomatara;0;1;4;40;0
3379;2;Luzula pilosa;kevätpiippo;1;0;0,5;50;0
3379;2;Melampyrum sylvaticum;metsämaitikka;0;1;1;35;0
3379;2;Ranunculus acris;niittyleinikki;0;1;0,5;100;0
3379;2;Veronica chamaedrys;nurmitädyke;0;1;2;10;0
3379;2;Anemone nemorosa;valkovuokko;0;1;10;80;0
3379;2;Hepatica nobilis;sinivuokko;0;1;5;20;0
3379;2;Carex digitata;sormisara;1;0;0,5;0;0
3379;2;Melica nutans;nuokkuhelmikkä;1;0;1;0;70
3379;2;Rumex acetosa;niittysuolaheinä;0;1;0,5;0;0
3379;2;Viola riviniana;metsäorvokki;0;1;2;15;6
3379;2;Potentilla erecta;rätvänä;0;1;3;0;0
3379;2;Alopecurus pratensis;nurmipuntarpää;1;0;1;0;0
3379;2;Deschampsia flexuosa;metsälauha;1;0;1;0;0
3379;2;bryophytes;sammalet;0;0;15;0;0
3379;2;Poaceae sp;heinä sp;1;0;5;0;0
3379;3;Plantago lanceolata;heinäratamo;0;1;3;30;0
3379;3;Achillea millefolium;siankärsämö;0;1;5;0;0
3379;3;Pilosella officinarum;huopakeltano;0;1;8;0;90
3379;3;Alchemilla sp;poimulehti sp;0;1;1;0;0
3379;3;Fragaria vesca;ahomansikka;0;1;0,5;0;0
3379;3;Poaceae sp;heinä sp;1;0;3;0;0
3379;3;Bryobionta;sammalet;0;0;7;0;0
3379;3;Briza media;niittyräpelö;1;0;1;0;0
3379;3;Lichenes;jäkälät;0;0;NA;0;0
3379;4;Fragaria vesca;ahomansikka;0;1;10;70;10
3379;4;Filipendula vulgaris;sikoangervo;0;1;2;0;0
3379;4;Viscaria vulgaris;mäkitervakko;0;1;4;50;0
3379;4;Plantago lanceolata;heinäratamo;0;1;1;40;0
3379;4;Rumex acetosa;niittysuolaheinä;0;1;0,25;100;0
3379;4;Ranunculus acris;niittyleinikki;0;1;0,11;100;0
3379;4;Luzula pilosa;kevätpiippo;1;0;1;0;100
3379;4;Melampyrum sylvaticum;metsämaitikka;0;1;0,25;0;0
3379;4;Achillea millefolium;siankärsämö;0;1;0,25;0;0
3379;4;Hepatica nobilis;sinivuokko;0;1;3;0;0
3379;4;Vicia sepium;aitovirna;0;1;0,1;0;0
3379;4;Veronica chamaedrys;nurmitädyke;0;1;0,1;100;0
3379;4;Galium boreale;ahomatara;0;1;0,1;0;0
3379;4;Medicago lupulina;nurmimailanen;0;1;1;100;0
3379;4;Rosa vosagiaca;heleäorjanruusu;0;1;0,5;0;0
3379;4;Poaceae sp;heinä sp;1;0;1;0;0
3379;4;Deschampsia flexuosa;metsälauha;0;1;1;0;0
3379;4;Helictotrichon pubescens;mäkikaura;1;0;1;0;0
3379;4;Bryobionta;sammalet;0;0;4;0;0
3379;4;Lichenes;jäkälät;0;0;NA;0;0
3379;5;Plantago lanceolata;heinäratamo;0;1;1;100;0
3379;5;Taraxacum spp;voikukka sp;0;1;2;50;0
3379;5;Tussilago farfara;leskenlehti;0;1;2;0;0
3379;5;Achillea millefolium;siankärsämö;0;1;1;0;0
3379;5;Polygala vulgaris;isolinnunruoho;0;1;0,25;0;0
3379;5;Galium boreale;ahomatara;0;1;2;0;0
3379;5;Pteridium aquilinum;sananjalka;0;0;3;0;0
3379;5;Potentilla erecta;rätvänä;0;1;2;0;0
3379;5;Equisetum arvense;peltokorte;0;1;0,5;0;0
3379;5;Viola riviniana;metsäorvokki;0;1;0,5;0;0
3379;5;Ranunculus acris;niittyleinikki;0;1;1;0;0
3379;5;Filipendula vulgaris;sikoangervo;0;1;2;0;0
3379;5;Centaurea jacea;ahdekaunokki;0;1;5;100;0
3379;5;crepis sp;keltto sp;0;1;0,5;0;0
3379;5;Pilosella officinarum;huopakeltano;0;1;1;0;0
3379;5;Deschampsia flexuosa subsp. flexuosa  ;kangasmetsälauha;1;0;3;0;0
3379;5;Dactylis glomerata;koiranheinä;1;0;1;0;30
3379;5;Rhinanthus minor;pikkulaukku;1;0;1;0;0
617;1;Plantago lanceolata;heinäratamo;1;0;1;100;50
617;1;Filipendula vulgaris;sikoangervo;1;0;8;0;70
617;1;Galium verum;keltamatara;1;0;3;0;70
617;1;Veronica chamaedrys;nurmitädyke;1;0;2;70;10
617;1;Hypericum maculatum;särmäkuisma;1;0;1;30;0
617;1;Taraxacum spp;voikukka sp;1;0;0,25;100;0
617;1;Ranunculus bulbosus;mäkileinikki;1;0;1;0;0
617;1;Anthriscus sylvestris;koiranputki;1;0;0,25;0;50
617;1;Rubus idaeus;vadelma;1;0;0,5;0;0
617;1;Festuca ovina;lampaannata;0;1;4;0;0
617;1;Dactylis glomerata;koiranheinä;0;1;2;0;0
617;1;Agrostis;rölli sp;0;1;1;0;0
617;1;juncus sp;juncus sp;0;1;1;0;0
617;1;Bryobionta;sammalet;0;0;6;0;0
617;1;Helictotrichon pubescens;mäkikaura;0;1;4;0;0
617;1;Festuca rubra;punanata;0;1;2;0;0
617;1;Lichenes;jäkälät;0;0;0;0;0
617;2;Plantago lanceolata;heinäratamo;0;1;5;30;0
617;2;Rumex acetosa;niittysuolaheinä;0;1;1;50;0
617;2;Galium verum;keltamatara;0;1;5;0;20
617;2;Taraxacum spp;voikukka sp;0;1;1;100;0
617;2;Filipendula vulgaris;sikoangervo;0;1;1;0;0
617;2;Achillea millefolium;siankärsämö;0;1;2;0;0
617;2;Anthriscus sylvestris;koiranputki;0;1;1;0;100
617;2;Veronica chamaedrys;nurmitädyke;0;1;1;0;0
617;2;Trifolium repens;valkoapila;0;1;0,5;100;0
617;2;Dactylis glomerata;koiranheinä;1;0;1;0;0
617;2;Agrostis;rölli sp;1;0;4;0;0
617;2;Helictotrichon pubescens;mäkikaura;1;0;1;0;0
617;2;Poa pratensis;niittynurmikka;0;1;0,25;0;0
617;2;Bryobionta;sammalet;0;0;0;0;0
617;2;Lichenes;jäkälät;0;0;0;0;0
617;3;Plantago lanceolata;heinäratamo;0;1;3;100;0
617;3;Galium verum;keltamatara;0;1;6;0;0
617;3;Achillea millefolium;siankärsämö;0;1;6;0;0
617;3;Galium boreale;ahomatara;0;1;2;0;0
617;3;Rumex acetosa;niittysuolaheinä;0;1;1;100;0
617;3;Trifolium pratense;puna-apila;0;1;1;100;0
617;3;Rubus idaeus;vadelma;0;1;2;50;0
617;3;Helictotrichon pubescens;mäkikaura;1;0;3;0;0
617;3;Potentilla argentea;hopeahanhikki;0;1;1;0;0
617;3;Hieracium Umbellata;sarjakeltano;0;1;2;0;0
617;3;Festuca pratensis;nurminata;1;0;1;0;0
617;3;Bryobionta;sammalet;0;0;1;0;0
617;3;Lichenes;jäkälät;0;0;NA;0;0
617;4;Plantago lanceolata;heinäratamo;0;1;3;90;10
617;4;Filipendula vulgaris;sikoangervo;0;1;5;0;0
617;4;Veronica chamaedrys;nurmitädyke;0;1;1;0;0
617;4;Achillea millefolium;siankärsämö;0;1;3;0;0
617;4;Galium boreale;ahomatara;0;1;8;0;30
617;4;Vicia tetrasperma;mäkivirvilä;1;0;1;0;0
617;4;Lathyrus pratensis;niittynätkelmä;0;1;0,5;0;0
617;4;Helictotrichon pubescens;mäkikaura;1;0;4;0;0
617;4;Agrostis;rölli sp;1;0;3;0;0
617;4;Galium verum;keltamatara;0;1;1;0;0
617;4;Agrostis capillaris;nurmirölli;1;0;1;0;0
617;4;Phleum pratense;timotei;0;1;0,25;0;0
617;4;Festuca rubra;punanata;1;0;0,5;0;0
617;4;Bryobionta;sammalet;0;0;0;0;0
617;4;Lichenes;jäkälät;0;0;NA;0;0
657;1;Plantago lanceolata;heinäratamo;0;1;2;100;0
657;1;Filipendula vulgaris;sikoangervo;0;1;0,5;0;0
657;1;Achillea millefolium;siankärsämö;0;1;3;0;0
657;1;Allium schoenoprasum;ruoholaukka;1;0;0,5;0;0
657;1;Trifolium medium;metsäapila;0;1;0,5;100;0
657;1;Ranunculus bulbosus;mäkileinikki;0;1;0,25;0;0
657;1;Galium verum;keltamatara;0;1;0,25;0;0
657;1;Rumex acetosa;niittysuolaheinä;0;1;0,5;100;0
657;1;Helictotrichon pubescens;mäkikaura;1;0;1;0;0
657;1;Dactylis glomerata;koiranheinä;1;0;0,5;0;0
657;1;Anthoxanthum odoratum;tuoksusimake;1;0;0,5;0;0
657;1;Agrostis;rölli sp;1;0;1;0;0
657;1;Ficaria verna;mukulaleinikki;0;1;0,5;0;0
657;1;Rosa mollis;iharuusu;0;1;2;0;30
657;1;Phleum pratense;timotei;1;0;0,5;0;0
657;1;Festuca rubra;punanata;1;0;0,5;0;0
657;1;Festuca pratensis;nurminata;1;0;2;0;0
657;1;Bryobionta;sammal;0;0;70;0;0
657;1;Lichenes;jäkälät;0;0;NA;0;0
657;2;Helictotrichon pubescens;mäkikaura;1;0;4;0;1
657;2;Briza media;niittyräpelö;0;1;1;0;0
657;2;Dactylis glomerata;koiranheinä;1;0;1;100;0
657;2;etelänAnthoxanthum odoratum;eteläntuoksusimake;1;0;0,5;0;0
657;2;Festuca pratensis;nurminata;1;0;0,5;0;0
657;2;Trifolium medium;metsäapila;0;1;8;90;0
657;2;Primula veris;kevätesikko;0;1;4;40;0
657;2;Filipendula vulgaris;sikoangervo;0;1;4;0;0
657;2;Plantago lanceolata;heinäratamo;0;1;1;100;0
657;2;Galium boreale;ahomatara;0;1;1;30;0
657;2;Galium verum;keltamatara;0;1;1;0;0
657;2;Anemone nemorosa;valkovuokko;0;1;1;0;0
657;2;Pimpinella saxifraga;ahopukinjuuri;0;1;0,5;0;0
657;2;Ficaria verna;mukulaleinikki;0;1;0,5;0;0
657;2;Bryobionta;sammal;0;0;3;0;0
657;2;Festuca rubra;punanata;1;0;0,5;0;0
657;2;Lichenes;jäkälät;0;0;0;0;0
657;3;Filipendula vulgaris;sikoangervo;0;1;3;0;0
657;3;Plantago lanceolata;heinäratamo;0;1;1;100;0
657;3;Allium schoenoprasum;ruoholaukka;1;0;0,25;0;0
657;3;Ranunculus bulbosus;mäkileinikki;0;1;0,5;0;0
657;3;Helictotrichon pubescens;mäkikaura;1;0;0,5;0;0
657;3;Alchemilla sp;poimulehti sp;0;1;1;10;10
657;3;Fragaria vesca;ahomansikka;0;1;0,5;100;0
657;3;Galium verum;keltamatara;0;1;1;0;0
657;3;Anthoxanthum odoratum;eteläntuoksusimake;1;0;0,5;0;0
657;3;Festuca ovina;lampaannata;1;0;0,5;0;0
657;3;Bryobionta;sammal;0;0;NA;NA;NA
657;3;Lichenes;jäkälät;0;0;NA;NA;NA
4193;1;Helianthemum nummularium;ketopäivännouto;0;1;2;5;0
4193;1;Plantago lanceolata;heinäratamo;0;1;1;100;0
4193;1;Veronica officinalis;rohtotädyke;0;1;0,5;0;0
4193;1;Galium verum;keltamatara;0;1;1;0;0
4193;1;Viscaria vulgaris;mäkitervakko;0;1;0,5;0;0
4193;1;Filipendula vulgaris;sikoangervo;0;1;2;0;0
4193;1;Ranunculus bulbosus;mäkileinikki;0;1;0,5;0;0
4193;1;Achillea millefolium;siankärsämö;0;1;0;0;0
4193;1;Veronica chamaedrys;nurmitädyke;0;1;1;0;0
4193;1;Pilosella officinarum;huopakeltano;0;1;1;0;0
4193;1;Potentilla argentea;hopeahanhikki;0;1;0,5;0;0
4193;1;Phleum pratense;timotei;1;0;1;0;0
4193;1;Dactylis glomerata;koiranheinä;1;0;0,5;0;0
4193;1;Pimpinella saxifraga;ahopukinjuuri;0;1;0,5;0;0
4193;1;Poa pratensis;niittynurmikka;0;1;1;0;0
4193;1;Bryobionta;sammal;0;NA;NA;0;0
4193;1;Lichenes;jäkälät;0;NA;NA;0;0
4193;2;Pimpinella saxifraga;ahopukinjuuri;0;1;2;30;10
4193;2;Plantago lanceolata;heinäratamo;0;1;1;100;5
4193;2;Achillea millefolium;siankärsämö;0;1;4;0;0
4193;2;Galium verum;keltamatara;0;1;2;0;0
4193;2;Pilosella officinarum;huopakeltano;0;1;2;0;90
4193;2;Anemone nemorosa;valkovuokko;0;1;0,25;0;0
4193;2;Veronica chamaedrys;nurmitädyke;1;0;0,5;50;0
4193;2;Hypericum maculatum;särmäkuisma;0;1;0,5;50;50
4193;2;Helianthemum nummularium;ketopäivännouto;0;1;3;10;0
4193;2;Saxifraga granulata;papelorikko;0;1;0,01;0;0
4193;2;Veronica officinalis;rohtotädyke;0;1;0,5;0;0
4193;2;Dactylis glomerata;koiranheinä;1;0;2;0;0
4193;2;Agrostis;rölli sp;1;0;0,5;0;0
4193;2;Bryobionta;sammal;0;0;1;;0
4193;3;Ranunculus bulbosus;mäkileinikki;0;1;2;0;0
4193;3;Fragaria vesca;ahomansikka;0;1;3;25;0
4193;3;Geranium molle;pehmytkurjenpolvi;0;1;0,1;0;0
4193;3;Dactylis glomerata;koiranheinä;1;0;1;0;0
4193;3;Plantago lanceolata;heinäratamo;0;1;2;100;5
4193;3;Veronica officinalis;rohtotädyke;0;1;1;0;0
4193;3;Veronica chamaedrys;nurmitädyke;0;1;1;0;0
4193;3;Galium verum;keltamatara;0;1;1;0;0
4193;3;Vicia tetrasperma;mäkivirvilä;1;0;0,25;0;0
4193;3;Myosotis ramosissima;mäkilemmikki;0;1;0,25;100;0
4193;3;Bryobionta;sammalet;0;0;60;0;0
4193;3;Sedum album;valkomaksaruoho;0;1;0,1;0;0
4193;3;Stellaria graminea;heinätähtimö;0;1;0,5;0;0
4193;3;Festuca ovina;lampaannata;1;0;0,5;0;0
4193;3;Poa pratensis;niittynurmikka;1;0;0,5;0;0
4193;3;galium sp;matara sp;0;1;0;0;0
4193;4;Plantago lanceolata;heinäratamo;0;1;4;80;20
4193;4;Stellaria graminea;heinätähtimö;0;1;1;0;0
4193;4;Ranunculus bulbosus;mäkileinikki;0;1;3;50;0
4193;4;Ranunculus repens;rönsyleinikki;0;1;0,5;50;0
4193;4;Rubus saxatilis;lillukka;0;1;1;0;50
4193;4;Veronica chamaedrys;nurmitädyke;0;1;1;0;0
4193;4;Bryobionta;sammalet;0;0;50;0;0
4193;4;Anthoxanthum odoratum;eteläntuoksusimake;1;0;1;0;0
4193;4;Dactylis glomerata;koiranheinä;1;0;1;0;10
4193;4;Poa pratensis;niittynurmikka;1;0;0,1;0;0
4193;4;Lichenes;jäkälät;0;0;0;0;
3225;1;Plantago lanceolata;heinäratamo;0;1;2;100;10
3225;1;Trifolium medium;metsäapila;0;1;1;50;0
3225;1;Alchemilla sp;poimulehti sp;0;1;4;0;0
3225;1;Achillea millefolium;siankärsämö;0;1;1;0;0
3225;1;Bryobionta;sammal;0;0;90;0;0
3225;1;Galium verum;keltamatara;0;1;1;0;0
3225;1;Galium album;paimenmatara;0;1;2;0;0
3225;1;Primula veris;kevätesikko;0;1;3;50;0
3225;1;Trifolium pratense;puna-apila;0;1;1;100;0
3225;1;Aegopodium podagraria;vuohenputki;0;1;3;0;0
3225;1;Vicia sepium;aitovirna;0;1;0,5;0;0
3225;1;Lathyrus pratensis;niittynätkelmä;0;1;1;0;0
3225;1;Ranunculus bulbosus;mäkileinikki;0;1;0,5;0;0
3225;1;Veronica chamaedrys;nurmitädyke;0;1;0,5;0;0
3225;1;Viola riviniana;metsäorvokki;0;1;0,5;0;0
3225;1;Taraxacum spp;voikukka sp;0;1;0,5;0;0
3225;1;Dactylis glomerata;koiranheinä;1;0;1;0;0
3225;1;Potentilla crantzii;keväthanhikki;0;1;0,5;50;0
3225;1;Geum rivale;ojakellukka;0;1;0,5;0;0
3225;1;Rosa dumalis;orjanruusu;0;1;2;50;0
3225;1;Pyrola media;kellotalvikki;0;1;1;50;0
3225;1;Helictotrichon pratense;ahdekaura;1;0;1;0;0
3225;1;festuca sp;nata sp;1;0;0,5;0;
3225;2;Plantago lanceolata;heinäratamo;0;1;0,5;100;20
3225;2;Pilosella officinarum;huopakeltano;0;1;60;20;95
3225;2;Pimpinella saxifraga;ahopukinjuuri;0;1;1;0;0
3225;2;Achillea millefolium;siankärsämö;0;1;2;0;0
3225;2;Galium verum;keltamatara;0;1;2;0;0
3225;2;Fragaria vesca;ahomansikka;0;1;2;50;0
3225;2;Polygala vulgaris;isolinnunruoho;0;1;0,01;0;0
3225;2;Trifolium pratense;puna-apila;0;1;1;100;0
3225;2;Lathyrus pratensis;niittynätkelmä;0;1;1;0;0
3225;2;Potentilla crantzii;keväthanhikki;0;1;0,1;0;0
3225;2;Potentilla erecta;rätvänä;0;1;0,5;0;0
3225;2;Potentilla reptans;suikerohanhikki;0;1;0,5;0;0
3225;2;juncus sp;vihvilä sp;1;0;0,25;0;0
3225;2;Helictotrichon pratense;ahdekaura;1;0;0,5;0;0
3225;2;Agrimonia eupatoria;maarianverijuuri;0;1;1;0;0
3225;2;Bryobionta;sammal;0;0;NA;0;0
3225;2;Lichenes;jäkälät;0;0;NA;NA;NA
3225;3;Plantago lanceolata;heinäratamo;0;1;2;100;0
3225;3;Achillea millefolium;siankärsämö;0;1;2;0;10
3225;3;Trifolium pratense;puna-apila;0;1;1;60;0
3225;3;Trifolium medium;metsäapila;0;1;0,5;90;0
3225;3;Primula veris;kevätesikko;0;1;1;0;0
3225;3;Pimpinella saxifraga;ahopukinjuuri;0;1;1;0;0
3225;3;Alchemilla sp;poimulehti sp;0;1;1;0;0
3225;3;Hypericum maculatum;särmäkuisma;0;1;1;0;0
3225;3;Potentilla reptans;suikerohanhikki;0;1;2;30;0
3225;3;Agrostis;rölli sp;1;0;0,5;0;0
3225;3;Alopecurus pratensis;nurmipuntarpää;1;0;1;20;20
3225;3;Deschampsia flexuosa;metsälauha;1;0;0,5;0;0
3225;3;Anthoxanthum odoratum;eteläntuoksusimake;1;0;0,1;0;0
3225;3;Bryobionta;sammal;0;0;0,5;0;0
3225;3;Lichenes;jäkälät;0;0;0;;0
3225;4;Alopecurus pratensis;nurmipuntarpää;1;0;10;0;0
3225;4;Trifolium medium;metsäapila;0;1;2;50;0
3225;4;Equisetum arvense;peltokorte;0;0;0,5;0;0
3225;4;Lathyrus pratensis;niittynätkelmä;0;1;NA;NA;NA
3225;4;Rubus idaeus;vadelma;0;1;2;100;0
3225;4;Dactylis glomerata;koiranheinä;1;0;70;0;0
3225;4;Ranunculus repens;rönsyleinikki;0;1;0,25;0;0
3225;4;Bryobionta;sammal;0;0;10;0;0
3225;4;Geum rivale;ojakellukka;0;1;1;0;0
3225;4;Heracleum sphondylium;etelänukonputki;0;1;2;0;0
3225;4;poa sp;nurmikka sp;1;0;1;0;0
3222;1;Plantago lanceolata;heinäratamo;0;1;3;80;50
3222;1;Trifolium medium;metsäapila;0;1;3;20;0
3222;1;Medicago lupulina;nurmimailanen;0;1;1;100;0
3222;1;Achillea millefolium;siankärsämö;0;1;0,1;0;0
3222;1;Pinus sylvestris;metsämänty;0;1;7;0;0
3222;1;Galium album;paimenmatara;0;1;0,5;0;0
3222;1;potentilla sp;hanhikki sp;0;1;0,5;0;0
3222;1;Agrostis;rölli sp;1;0;0,5;0;0
3222;1;Anthoxanthum odoratum;tuoksusimake;1;0;0,1;0;0
3222;1;Dactylis glomerata;koiranheinä;1;0;1;60;0
3222;1;Festuca rubra;punanata;1;0;1;0;0
3222;2;Pilosella officinarum;huopakeltano;0;1;30;10;100
3222;2;Centaurea jacea;ahdekaunokki;0;1;0,5;100;100
3222;2;Plantago lanceolata;heinäratamo;0;1;1;100;100
3222;2;Tanacetum vulgare;pietaryrtti;0;1;0,2;100;0
3222;2;Achillea millefolium;siankärsämö;0;1;0,5;0;0
3222;2;Pinus sylvestris;metsämänty;0;1;1;0;0
3222;2;Dactylis glomerata;koiranheinä;1;0;0,5;0;0
3222;2;Agrostis;rölli sp;1;0;0,5;0;0
3222;2;juncus sp;juncus sp;1;0;0,1;0;0
3222;2;Trifolium medium;metsäapila;0;1;2;50;0
3222;2;Bryobionta;sammal;0;0;9;0;0
3222;2;Anthoxanthum odoratum;eteläntuoksusimake;1;0;0,1;0;0
3222;3;Plantago lanceolata;heinäratamo;0;1;1;50;0
3222;3;Fragaria vesca;ahomansikka;0;1;2;10;0
3222;3;Betula pubescens;hieskoivu;0;1;3;20;0
3222;3;Pilosella officinarum;huopakeltano;0;1;0,5;0;0
3222;3;Pinus sylvestris;metsämänty;0;1;0,25;0;0
3222;3;Vaccinium myrtillus;mustikka;0;1;1;0;0
3222;3;Hypericum maculatum;särmäkuisma;0;1;0,25;0;0
3222;3;salix sp;paju sp;0;1;0,25;50;0
3222;3;Achillea millefolium;siankärsämö;0;1;0,1;0;0
3222;3;Picea abies;metsäkuusi;0;1;0,1;0;0
3222;3;Calluna vulgaris;kanerva;0;1;1;0;0
3222;3;Bryobionta;sammal;0;0;1;0;0
3222;3;Rumex acetosella;ahosuolaheinä;0;1;0,1;0;0
3222;3;Anthoxanthum odoratum;eteläntuoksusimake;1;0;2;0;0
3222;3;juncus sp;juncus sp;1;0;1;0;0
3222;3;Scorzoneroides autumnalis;syysmaitiainen;0;1;1;0;100
3222;3;Centaurea jacea;ahdekaunokki;0;1;1;0;0
3222;3;Hieracium sp;ukonkeltano sp;0;1;0,5;0;0
3222;3;Allium scorodoprasum;metsälaukka;1;0;0,5;0;0
3222;4;Plantago lanceolata;heinäratamo;0;1;0,5;100;0
3222;4;Potentilla reptans;suikerohanhikki;0;1;30;10;10
3222;4;Pilosella officinarum;huopakeltano;0;1;3;10;50
3222;4;Scorzoneroides autumnalis;syysmaitiainen;0;1;0,1;50;0
3222;4;Rumex acetosella;ahosuolaheinä;0;1;0,1;0;0
3222;4;Hieracium sp;ukonkeltano sp;0;1;0,5;0;0
3222;4;Pinus sylvestris;metsämänty;0;1;1;0;0
3222;4;Taraxacum spp;voikukka sp;0;1;0,5;0;0
3222;4;senecio sp;villakko sp;0;1;0,1;0;0
3222;4;Thlaspi caerulescens ssp. caerulescens;ketokevättaskuruoho;0;1;0,1;0;0
3222;4;Bryobionta;sammal;0;0;1;0;0
3222;4;ragopogon pratensis ssp. pratensis;isopukinparta;0;1;0,5;0;0
3222;4;Deschampsia flexuosa;metsälauha;1;0;NA;NA;NA
3222;5;Plantago lanceolata;heinäratamo;0;1;2;0;0
3222;5;Ragopogon pratensis ssp. pratensis;isopukinparta;0;1;1;0;0
3222;5;Deschampsia flexuosa;metsälauha;1;0;5;0;0
3222;5;Achillea millefolium;siankärsämö;0;1;0,1;0;0
3222;5;Potentilla reptans;suikerohanhikki;0;1;2;0;0
3222;5;Juniperus communis;kataja;0;1;0,5;0;0
3222;5;Agrostis;rölli sp;1;0;4;0;0
3222;5;Poa pratensis;niittynurmikka;1;0;1;0;0
3222;5;Bryobionta;sammal;0;0;0;0;0
3222;5;Agrostis;rölli sp;1;0;2;0;0
3222;5;Hieracium sp;ukonkeltano sp;0;1;1;0;0
950;1;Plantago lanceolata;heinäratamo;0;1;2;100;25
950;1;Tussilago farfara;leskenlehti;0;1;25;30;0
950;1;Galium verum;keltamatara;0;1;2;10;0
950;1;Trifolium pratense;puna-apila;0;1;2;100;50
950;1;Achillea millefolium;siankärsämö;0;1;2;0;0
950;1;Agrostis;rölli sp;1;0;2;0;0
950;1;Ranunculus repens;rönsyleinikki;0;1;2;50;0
950;1;Myosotis arvensis;peltolemmikki;0;1;0,25;100;0
950;1;Stellaria graminea;heinätähtimö;0;1;0,1;0;0
950;1;Veronica chamaedrys;nurmitädyke;0;1;0,1;0;0
950;1;Phleum pratense;timotei;1;0;0,1;20;0
950;1;Bryobionta;sammal;0;0;0,5;0;0
950;2;Trifolium medium;metsäapila;0;1;50;10;5
950;2;Plantago lanceolata;heinäratamo;0;1;1;100;0
950;2;Helictotrichon pratense;ahdekaura;1;0;0,5;0;0
950;2;Dactylis glomerata;koiranheinä;1;0;0,1;0;0
950;2;Anthriscus sylvestris;koiranputki;0;1;2;0;0
950;2;Ranunculus polyanthemos;aholeinikki;0;1;1;10;0
950;2;Tanacetum vulgare;pietaryrtti;0;1;1;0;0
950;2;Galium verum;keltamatara;0;1;1;0;0
950;2;Veronica officinalis;rohtotädyke;0;1;0,1;0;0
950;2;Achillea millefolium;siankärsämö;0;1;0,5;0;0
950;2;Phleum pratense;timotei;1;0;0,1;0;0
950;2;Campanula persicifolia;kurjenkello;0;1;0,1;0;0
950;2;Bryobionta;sammal;0;0;30;0;0
950;2;Leontodon hispidus;kesämaitiainen;0;1;0,5;0,5;0
950;2;Hieracium sp;ukonkeltano sp;0;1;0,5;0;0
950;3;Viscaria vulgaris;mäkitervakko;0;1;5;0;0,5
950;3;Filipendula vulgaris;sikoangervo;0;1;0,5;0;0
950;3;Plantago lanceolata;heinäratamo;0;1;0,5;0;0
950;3;Festuca rubra;punanata;1;0;5;0;0
950;3;Deschampsia flexuosa;metsälauha;1;0;1;0;0
950;3;Agrostis;rölli sp;1;0;1;0;0
950;3;Dactylis glomerata;koiranheinä;1;0;0,5;0;20
950;4;Anthriscus sylvestris;koiranputki;0;1;20;0;0
950;4;Trifolium medium;metsäapila;0;1;50;75;0
950;4;Dactylis glomerata;koiranheinä;1;0;3;0;0
950;4;Ranunculus polyanthemos;aholeinikki;0;1;1;0;0
950;4;Scorzoneroides autumnalis;syysmaitiainen;0;1;1;100;100
950;4;Anemone nemorosa;valkovuokko;0;1;2;100;0
950;4;Fragaria vesca;ahomansikka;0;1;1;100;0
950;4;Festuca pratensis;nurminata;1;0;1;0;0
950;4;Agrostis;rölli sp;1;0;1;0;0
9150;1;Plantago lanceolata;heinäratamo;0;1;2;80;0
9150;1;Geranium sanguineum;verikurjenpolvi;0;1;2;0;0
9150;1;Vincetoxicum hirundinaria;käärmeenpistoyrtti;0;1;3;0;0
9150;1;Galium verum;keltamatara;0;1;0,5;0;0
9150;1;Festuca ovina;lampaannata;1;0;15;0;0
9150;1;Platanthera chlorantha;keltalehdokki;0;1;0,5;0;0
9150;1;Luzula sp;piippo sp;1;0;0,1;0;0
9150;1;Vicia tetrasperma;mäkivirvilä;1;0;0,1;0;0
9150;1;Bryobionta;sammalet;0;0;2;0;0
9150;1;Poa angustifolia;hoikkanurmikka;1;0;0,5;0;20
9150;1;Hypericum perforatum;mäkikuisma;0;1;0,1;0;0
9150;2;Plantago lanceolata;heinäratamo;0;1;3;50;5
9150;2;Geranium sanguineum;verikurjenpolvi;0;1;4;10;0
9150;2;Achillea millefolium;siankärsämö;0;1;5;0;0
9150;2;Trifolium medium;metsäapila;0;1;10;100;0
9150;2;Vincetoxicum hirundinaria;käärmeenpistoyrtti;0;1;0,5;0;0
9150;2;Hypericum perforatum;mäkikuisma;0;1;2;10;100
9150;2;Poaceae sp;heinä sp;1;0;3;0;0
9150;2;Dactylis glomerata;koiranheinä;1;0;1;50;0
9150;2;Fragaria vesca;ahomansikka;0;1;0,5;0;0
9150;2;Orchidaceae;kämmekkä sp;0;1;0,5;0;0
9150;2;Myosotis ramosissima;mäkilemmikki;0;1;0,5;0;0
9150;2;Trifolium pratense;puna-apila;0;1;0,5;100;0
9150;2;Festuca ovina;lampaannata;1;0;1;0;0
9150;2;Campanula persicifolia;kurjenkello;0;1;0,5;100;0
9150;2;Bryobionta;sammal;0;0;0;0;0
9150;3;Plantago lanceolata;heinäratamo;0;1;2;60;0
9150;3;Dactylis glomerata;koiranheinä;1;0;0,5;0;0
9150;3;Trifolium pratense;puna-apila;0;1;3;100;0
9150;3;Pilosella officinarum;huopakeltano;0;1;2;90;50
9150;3;Geranium sanguineum;verikurjenpolvi;0;1;1;0;0
9150;3;Galium verum;keltamatara;0;1;1;0;0
9150;3;Hypericum perforatum;mäkikuisma;0;1;0,5;0;0
9150;3;Achillea millefolium;siankärsämö;0;1;0,5;0;0
9150;3;Bryobionta;sammal;0;0;15;0;0
9150;3;Alchemilla sp;poimulehti sp;0;1;0,5;0;0
9150;3;Fragaria vesca;ahomansikka;0;1;0,5;20;0
9150;3;Vicia tetrasperma;mäkivirvilä;0;1;0,1;0;0
9150;3;Lichenes;jäkälät;0;0;2;0;0
9150;3;Picea abies;kuusi;0;1;0,1;0;0
9150;3;Veronica chamaedrys;nurmitädyke;0;1;0,5;0;0
9150;3;helovahakas;helovahakas;0;0;0,1;0;0
9150;3;Campanula persicifolia;kurjenkello;0;1;0,1;0;0
9150;3;plantago media;soikkoratamo;0;1;0,1;0;0
9150;3;Dactylis glomerata;koiranheinä;1;0;0,1;0;0
9150;3;Festuca ovina;lampaannata;1;0;5;0;0
9150;3;cerastium sp;cerastium sp;0;1;0,1;0;0
9150;3;Poaceae sp;heinä sp;1;0;0,1;0;0
9150;4;Plantago lanceolata;heinäratamo;0;1;1;50;0
9150;4;Fragaria vesca;ahomansikka;0;1;8;20;0
9150;4;plantago media;soikkoratamo;0;1;5;60;0
9150;4;Achillea millefolium;siankärsämö;0;1;7;0;0
9150;4;Hypericum perforatum;mäkikuisma;0;1;3;0;80
9150;4;Stellaria graminea;heinätähtimö;0;1;0,1;0;0
9150;4;Trifolium pratense;puna-apila;0;1;10;0;0
9150;4;Pimpinella major;isopukinjuuri;0;1;1;100;0
9150;4;Geranium sanguineum;verikurjenpolvi;0;1;5;50;0
9150;4;Trifolium repens;valkoapila;0;1;0,5;0;0
9150;4;Helictotrichon pratense;ahdekaura;1;0;1;0;0
9150;4;Poa angustifolia;hoikkanurmikka;1;0;1;0;0
9150;4;Veronica officinalis;rohtotädyke;0;1;0,1;0;0
9150;4;Bryobionta;sammal;0;0;8;0;0
9150;4;Campanula persicifolia;kurjenkello;0;1;0,5;0;0